,Player,2019 FantasyPoints,2020 FantasyPoints,2021 FantasyPoints,Production21,Average Total Production,Team,POS,AVG,Prediction
0,Jonathan Taylor,0.0,217.0,333.0,97.25065274151436,59.723157309902085,IND,RB1,1.0,77.16336221231576
1,Austin Ekeler,309.0,111.0,274.0,84.16,79.97979128299569,LAC,RB2,3.0,84.15999999999991
2,Cooper Kupp,270.5,117.0,295.0,100.22916666666666,84.27473196881091,LAR,WR1,3.5,89.14003297141315
3,Derrick Henry,294.6,314.0,175.0,36.85355648535565,67.39717519177557,TEN,RB3,3.8,36.853556485355604
4,Christian McCaffrey,469.2,73.0,91.0,39.35,47.96204351204352,CAR,RB4,4.0,39.34999999999994
5,Justin Jefferson,0.0,186.0,222.0,101.3818181818182,69.07406458955755,MIN,WR2,6.3,101.38181818181818
6,Najee Harris,0.0,0.0,227.0,71.09476309226932,23.69825436408977,PIT,RB5,7.3,71.09476309226922
7,Dalvin Cook,292.4,294.0,172.0,60.59395973154362,69.72421783121847,MIN,RB6,7.8,60.59395973154367
8,Ja'Marr Chase,0.0,0.0,224.0,121.11483253588516,40.37161084529505,CIN,WR3,9.3,121.11483253588499
9,Joe Mixon,225.4,79.0,246.0,72.23529411764706,55.58549517810754,CIN,RB7,9.8,81.34367450049973
10,Davante Adams,210.7,243.0,221.0,85.6986301369863,72.257984937437,LV,WR4,11.5,85.69863013698622
11,Stefon Diggs,212.1,202.0,183.0,78.63295880149813,92.43666976680012,BUF,WR5,12.8,82.49495018026678
12,Nick Chubb,255.2,192.0,195.0,79.79446640316205,77.59108017029956,CLE,RB8,13.8,79.79446640316202
13,Travis Kelce,254.3,208.0,171.0,80.56637168141593,83.75597224859787,KC,TE1,14.0,80.56637168141602
14,D'Andre Swift,0.0,144.0,147.0,61.08296943231441,42.86391378737966,DET,RB9,14.5,61.082969432314464
15,Aaron Jones,314.8,212.0,177.0,76.27118644067797,79.07524396507448,GB,RB10,17.5,61.2923244240781
16,CeeDee Lamb,0.0,144.0,154.0,95.19597989949747,61.22388519172439,DAL,WR6,17.5,95.19597989949757
17,Deebo Samuel,187.1,48.0,262.0,144.16161616161617,95.7567706045967,SF,WR7,19.0,144.1616161616165
18,Alvin Kamara,248.52,295.0,188.0,56.99674267100977,71.32722166604987,NO,RB11,19.3,61.65119245417
19,Javonte Williams,0.0,0.0,162.0,81.4140625,27.13802083333333,DEN,RB12,20.0,82.88968294984289
20,Saquon Barkley,244.1,9.0,108.0,51.05022831050229,40.9065621461937,NYG,RB13,21.3,51.05022831050237
21,Tyreek Hill,188.3,242.0,186.0,84.62222222222222,84.31698637412923,MIA,WR8,21.8,84.62222222222225
22,Leonard Fournette,259.4,96.0,187.0,67.66666666666667,63.76426940639269,TB,RB14,23.0,69.18009879303631
23,Mark Andrews,207.2,112.0,194.0,89.57692307692307,79.09404961688067,BAL,TE2,23.3,89.576923076923
24,Mike Evans,230.7,179.0,189.0,90.12765957446808,87.69210777400485,TB,WR9,25.0,90.12765957446818
25,A.J. Brown,217.1,178.0,118.0,68.4047619047619,95.51861047449285,PHI,WR10,28.5,68.40476190476174
26,Keenan Allen,261.5,145.0,152.0,69.59695817490494,67.81261042020977,LAC,WR11,29.0,69.596958174905
27,Ezekiel Elliott,311.7,172.0,205.0,73.23509933774834,71.12086516583419,DAL,RB15,29.8,73.2350993377484
28,Tee Higgins,0.0,128.0,145.0,83.46739130434783,56.53103519668738,CIN,WR12,30.8,83.46739130434793
29,James Conner,145.5,130.0,221.0,71.2655601659751,58.637609330829406,ARI,RB16,31.8,71.26556016597527
30,Cam Akers,0.0,91.0,1.0,1.625,21.009171907756816,LAR,RB17,32.3,30.666704039332124
31,David Montgomery,170.4,211.0,153.0,54.4963768115942,63.07417477010163,CHI,RB18,33.5,54.496376811594104
32,Michael Pittman Jr.,0.0,59.0,151.0,88.68202764976958,52.29994981064928,IND,WR13,37.5,88.68202764976942
33,Antonio Gibson,0.0,166.0,187.0,69.21290322580646,46.03358456436539,WAS,RB19,38.0,66.96047766804215
34,Terry McLaurin,191.9,137.0,137.0,87.8743961352657,83.97291533996535,WAS,WR14,41.3,87.87439613526574
35,Jaylen Waddle,0.0,0.0,142.0,67.21311475409836,22.40437158469945,MIA,WR15,41.5,67.2131147540985
36,George Kittle,222.5,77.0,127.0,79.41818181818181,68.41041496041495,SF,TE4,42.8,79.41818181818165
37,Diontae Johnson,157.1,134.0,167.0,70.84057971014492,69.6222899863534,PIT,WR16,43.0,70.84057971014498
38,Josh Jacobs,191.6,198.0,172.0,65.6049822064057,63.85669568905862,LV,RB21,44.3,65.6049822064058
39,Elijah Mitchell,0.0,0.0,146.0,53.59471365638766,17.86490455212922,SF,RB23,45.5,65.98298084932625
40,Darren Waller,221.0,172.0,79.0,49.57432432432432,71.73434459304025,LV,TE5,46.8,49.574324324324245
41,Mike Williams,161.3,106.0,171.0,90.14634146341464,94.8464761658489,LAC,WR19,49.3,90.14634146341456
42,AJ Dillon,0.0,38.0,152.0,85.22767857142857,48.65228174603175,GB,RB25,58.8,85.22767857142851
43,Courtland Sutton,222.42,7.0,92.0,84.78205128205128,61.5894819466248,DEN,WR20,60.0,84.78205128205147
44,Jerry Jeudy,0.0,106.0,47.0,50.0,44.43232323232324,DEN,WR21,60.5,50.0
45,Damien Harris,1.2,86.0,192.0,72.37668161434978,43.37093090848696,NE,RB26,60.8,72.37668161434978
46,Brandin Cooks,117.5,151.0,142.0,76.0,80.3093567251462,HOU,WR22,62.0,74.55108057252798
47,Marquise Brown,146.4,125.0,135.0,68.79324894514768,72.7653359298929,ARI,WR23,62.5,68.79324894514774
48,Clyde Edwards-Helaire,0.0,140.0,99.0,45.91549295774648,35.68105084407152,KC,RB27,63.3,45.91549295774652
49,Dalton Schultz,1.6,84.0,131.0,76.21978021978022,57.792558318874114,DAL,TE6,64.8,76.21978021978042
50,T.J. Hockenson,80.7,108.0,84.0,48.57931034482758,55.55574081091322,DET,TE7,64.8,48.57931034482765
51,Amari Cooper,246.5,145.0,135.0,76.13372093023256,85.00116660000381,CLE,WR24,65.0,76.13372093023263
52,Chris Godwin,274.1,126.0,144.0,70.3111111111111,76.61007467928974,TB,WR26,65.5,70.31111111111112
53,Miles Sanders,216.7,142.0,91.0,64.0,70.5255586164677,PHI,RB28,70.3,64.0
54,Gabriel Davis,0.0,102.0,91.0,90.6122448979592,63.523669261519046,BUF,WR28,71.8,90.61224489795924
55,Amon-Ra St. Brown,0.0,0.0,137.0,79.63157894736841,26.543859649122805,DET,WR29,72.0,73.94641676054688
56,Adam Thielen,114.4,180.0,133.0,59.22222222222222,64.36833536833537,MIN,WR30,73.8,67.83951685587775
57,Darnell Mooney,0.0,91.0,139.0,84.0,49.97064989517819,CHI,WR31,76.0,84.0
58,JuJu Smith-Schuster,113.2,137.0,20.0,16.16279069767442,45.12013658176448,KC,WR32,78.3,16.162790697674396
59,Dallas Goedert,144.7,70.0,109.0,94.77272727272728,70.10276577517958,PHI,TE8,79.0,94.7727272727273
60,Kareem Hunt,101.4,181.0,88.0,43.04761904761905,53.42375742708108,CLE,RB29,79.8,43.04761904761916
61,Devin Singletary,147.9,106.0,158.0,79.0,71.40675566343042,BUF,RB30,80.0,79.0
62,Rashaad Penny,75.3,3.0,116.0,63.22834645669292,44.2108842255962,SEA,RB31,81.3,63.22834645669286
63,Hunter Renfrow,133.5,76.0,156.0,77.27272727272728,74.13520733652312,LV,WR33,81.3,84.03823001860292
64,Tony Pollard,87.2,93.0,124.0,90.17045454545456,80.65102398939212,DAL,RB32,84.5,90.17045454545467
65,Elijah Moore,0.0,0.0,95.0,54.81666666666667,18.272222222222226,NYJ,WR34,85.3,54.81666666666663
66,DeAndre Hopkins,266.54,173.0,105.0,54.71698113207548,69.08722086411582,ARI,WR35,85.5,54.71698113207548
67,Rashod Bateman,0.0,0.0,58.0,54.31578947368421,18.105263157894736,BAL,WR36,86.5,54.31578947368417
68,Cordarrelle Patterson,29.6,48.0,183.0,84.82882882882883,79.32540604054152,ATL,RB33,87.0,98.28764165974812
69,Chase Edmonds,82.8,115.0,100.0,64.2603550295858,71.31964659773708,MIA,RB35,89.0,64.92954537543874
70,DeVonta Smith,0.0,0.0,122.0,93.19642857142856,31.06547619047619,PHI,WR37,90.5,77.40343341601385
71,Dawson Knox,79.7,43.0,115.0,75.0,67.6945701357466,BUF,TE9,90.5,75.0
72,Zach Ertz,213.6,42.0,107.0,70.55913978494624,55.59976640896647,ARI,TE10,97.0,70.44037758431037
73,Rhamondre Stevenson,0.0,0.0,101.0,58.33112582781457,19.44370860927152,NE,RB37,97.5,67.35802705572186
74,Tyler Lockett,235.2,165.0,168.0,105.95555555555556,89.22273307790549,SEA,WR38,98.8,105.95555555555563
75,Brandon Aiyuk,0.0,125.0,114.0,102.97142857142858,55.65714285714287,SF,WR39,98.8,77.56417744833543
76,Robert Woods,232.9,155.0,92.0,47.92105263157895,70.07400789965182,TEN,WR40,105.3,50.66054263268064
77,Michael Carter,0.0,0.0,118.0,67.08910891089108,22.363036303630363,NYJ,RB38,108.5,65.08953101925033
78,Allen Lazard,102.8,65.0,103.0,82.95,78.2360613996799,GB,WR42,110.8,80.02604894132577
79,James Robinson,0.0,201.0,143.0,66.46666666666667,44.30666666666667,JAC,RB40,111.8,57.76801208935408
80,Christian Kirk,166.2,98.0,131.0,94.25555555555556,74.38820057530687,JAC,WR43,112.8,94.25555555555549
81,Mike Gesicki,136.0,106.0,92.0,71.85945945945946,71.5463208550165,MIA,TE11,113.5,71.85945945945963
82,Russell Gage,98.8,109.0,97.0,67.725,66.0207171091048,TB,WR44,113.8,68.45469817979013
83,Ronald Jones II,0.0,158.0,69.0,69.6140350877193,46.15909431698905,KC,RB41,114.0,69.6140350877194
84,Alexander Mattison,68.4,74.0,94.0,66.86705202312139,65.31526680478993,MIN,RB42,115.3,82.89932311814171
85,Chase Claypool,0.0,153.0,108.0,87.6219512195122,57.27749251176723,PIT,WR45,116.0,87.62195121951216
86,Kadarius Toney,0.0,0.0,43.0,44.375,14.791666666666666,NYG,WR46,121.8,50.55347636707641
87,Pat Freiermuth,0.0,0.0,92.0,58.01438848920864,19.33812949640288,PIT,TE12,122.0,58.01438848920862
88,Nyheim Hines,105.9,130.0,73.0,88.61061946902655,82.88636810583714,IND,RB46,132.3,88.61061946902655
89,Tyler Boyd,222.9,114.0,117.0,84.96894409937889,76.04100190800958,CIN,WR50,139.5,84.96894409937887
90,Raheem Mostert,165.2,84.0,2.0,10.0,50.34422457432121,MIA,RB47,141.0,37.760364921504866
91,Jarvis Landry,237.4,116.0,81.0,53.00719424460432,71.06909439100565,NO,WR51,141.3,53.00719424460441
92,Marquez Valdes-Scantling,84.1,104.0,61.0,58.80246913580247,89.10353307236777,KC,WR52,141.8,58.802469135802376
93,J.D. McKissic,83.8,111.0,85.0,66.76237623762377,77.6951510535669,WAS,RB49,144.5,70.40531950148474
94,Marlon Mack,179.3,6.0,11.0,19.818181818181817,30.148989898989896,HOU,RB50,145.0,19.818181818181802
95,Cole Kmet,0.0,34.0,61.0,68.0,40.59259259259259,CHI,TE13,145.3,68.0
96,Kenneth Gainwell,0.0,0.0,90.0,74.57627118644068,24.858757062146893,PHI,RB51,147.3,74.5762711864408
97,Albert Okwuegbunam,0.0,18.0,43.0,63.67123287671232,27.4801545486477,DEN,TE14,148.3,63.671232876712345
98,Kenny Golladay,248.0,46.0,52.0,64.54867256637168,67.80224203834433,NYG,WR54,150.5,64.5486725663716
99,DeVante Parker,246.2,103.0,64.0,45.75221238938053,69.94969328642001,NE,WR55,151.5,45.75221238938048
100,Jakobi Meyers,61.9,84.0,103.0,71.33492822966507,75.16935418600775,NE,WR67,153.3,71.33492822966497
101,Julio Jones,274.1,95.0,49.0,55.063291139240505,65.15219167176365,TB,WR56,156.5,48.15792522972031
102,Khalil Herbert,0.0,0.0,65.0,75.85714285714286,25.28571428571429,CHI,RB59,160.3,75.85714285714293
103,Michael Gallup,212.7,114.0,57.0,41.47422680412371,70.41873781693526,DAL,WR57,160.5,41.474226804123674
104,Jamaal Williams,146.3,96.0,94.0,54.65745856353591,62.839168803475296,DET,RB54,162.5,66.16831853095509
105,Mecole Hardman,113.5,87.0,82.0,88.7112676056338,105.03620044179485,KC,WR61,164.5,88.71126760563389
106,Rondale Moore,0.0,0.0,55.0,60.74576271186441,20.24858757062147,ARI,WR62,165.8,60.74576271186445
107,Hunter Henry,148.2,85.0,114.0,83.232,66.62424081557984,NE,TE16,168.5,83.23199999999999
108,Noah Fant,111.0,87.0,91.0,68.25316455696202,72.38140583629308,SEA,TE17,172.8,68.25316455696183
109,Darrel Williams,67.8,37.0,149.0,86.09950248756219,72.9665008291874,ARI,RB56,173.5,86.09950248756215
110,Sony Michel,152.6,68.0,125.0,68.98755186721992,62.49192087549937,MIA,RB57,175.0,68.98755186721979
111,David Njoku,15.1,33.0,72.0,86.29213483146067,51.90710049937578,CLE,TE18,175.5,86.29213483146057
112,D'Onta Foreman,0.0,16.0,85.0,43.25,23.19927536231884,CAR,RB58,180.0,43.25
113,Van Jefferson,0.0,28.0,118.0,101.26618705035972,57.22206235011991,LAR,WR70,182.3,101.26618705035979
114,Sammy Watkins,136.5,50.0,43.0,67.56578947368422,60.56704107175472,GB,WR66,183.0,67.56578947368418
115,Robert Tonyan,26.0,125.0,32.0,35.06382978723404,55.185961280429375,GB,TE19,185.3,35.063829787234106
116,Corey Davis,115.1,126.0,71.0,48.0,72.31667045799212,NYJ,WR78,189.0,48.0
117,Gerald Everett,89.8,52.0,70.0,67.83783783783784,62.72811656617082,LAC,TE20,194.5,70.43408954011556
118,Evan Engram,109.4,78.0,57.0,51.42857142857142,49.64728682170542,JAC,TE21,195.3,51.42857142857149
119,Cameron Brate,91.1,40.0,49.0,48.65517241379311,59.11003679301788,TB,TE22,196.5,48.65517241379312
120,Kenyan Drake,212.2,167.0,73.0,63.84466019417475,64.6301372760539,LV,RB63,197.3,63.844660194174814
121,Chuba Hubbard,0.0,0.0,113.0,64.42105263157895,21.473684210526315,CAR,RB64,201.3,64.42105263157897
122,K.J. Osborn,0.0,0.0,109.0,86.54545454545455,28.848484848484848,MIN,WR72,204.0,86.5454545454547
123,Curtis Samuel,171.7,135.0,4.0,12.666666666666666,60.19388418998048,WAS,WR80,206.0,12.66666666666667
124,Tyler Higbee,160.4,84.0,86.0,58.04794520547946,68.0086383401582,LAR,TE23,209.3,67.21850501478782
125,Jamison Crowder,197.7,113.0,59.0,44.16393442622951,56.633743907842266,BUF,WR74,209.7,44.163934426229474
126,Donovan Peoples-Jones,0.0,44.0,76.0,91.30434782608695,66.43478260869564,CLE,WR81,210.0,91.30434782608688
127,Hayden Hurst,76.9,93.0,38.0,51.08771929824561,65.53004491906094,CIN,TE25,212.7,51.087719298245595
128,Trey Sermon,0.0,0.0,25.0,38.8,12.933333333333332,SF,RB66,216.0,38.80000000000007
129,Kyle Rudolph,111.7,37.0,34.0,63.50769230769231,64.65051576775714,TB,TE26,217.0,63.50769230769222
130,Mike Davis,11.9,148.0,94.0,66.43877551020408,53.2455492835432,BAL,RB70,218.5,66.43877551020411
131,Odell Beckham Jr.,0.0,64.0,85.0,61.77777777777778,34.55723905723906,,WR73,222.0,71.6065984959362
132,D'Ernest Johnson,15.2,18.0,85.0,91.664,101.10667321867322,CLE,RB67,222.3,98.36596024121712
133,Austin Hooper,189.7,68.0,55.0,56.24242424242424,55.12558220537371,TEN,TE24,224.3,56.24242424242411
134,Boston Scott,96.9,71.0,86.0,71.92233009708738,70.14269240784138,PHI,RB72,231.5,71.92233009708728
135,Devin Duvernay,0.0,33.0,50.0,64.8,53.02028985507246,BAL,WR86,232.5,64.80000000000011
136,KJ Hamler,0.0,60.0,7.0,14.8,26.29767441860465,DEN,WR87,233.0,14.799999999999972
137,Brevin Jordan,0.0,0.0,36.0,33.9375,11.3125,HOU,TE28,233.0,49.71498984028416
138,Logan Thomas,39.3,105.0,36.0,27.76744186046512,50.30276700044141,WAS,TE27,233.5,27.767441860465155
139,Myles Gaskin,31.4,123.0,125.0,61.44491525423729,46.70573453800855,MIA,RB75,234.0,61.44491525423739
140,Isaiah McKenzie,63.3,70.0,33.0,74.02173913043478,72.37088274044795,BUF,WR79,235.7,74.02173913043492
141,Cedrick Wilson Jr.,0.0,35.0,103.0,93.43396226415096,52.35946890286513,MIA,WR92,240.0,93.43396226415096
142,Nico Collins,0.0,0.0,51.0,67.29032258064515,22.43010752688172,HOU,WR84,241.3,67.29032258064511
143,Samaje Perine,1.6,55.0,56.0,82.6046511627907,61.31266149870802,CIN,RB71,245.3,82.60465116279083
144,Marquez Callaway,0.0,21.0,106.0,92.06153846153846,46.95801282051283,NO,WR93,246.0,92.06153846153836
145,A.J. Green,0.0,64.0,103.0,93.26027397260276,49.62980434848348,ARI,WR83,247.7,93.26027397260265
146,Laviska Shenault Jr.,0.0,99.0,64.0,64.78527607361963,45.30312122162017,JAC,WR89,248.5,64.78527607361958
147,Matt Breida,103.3,33.0,36.0,51.42857142857143,59.69708003141288,NYG,RB73,248.7,51.42857142857149
148,C.J. Uzomah,63.2,15.0,79.0,71.14285714285714,46.22489058467063,NYJ,TE29,249.0,67.20350601292952
149,Phillip Lindsay,197.7,59.0,41.0,44.55913978494623,53.40696816360953,IND,RB83,249.0,44.559139784946225
150,Ke'Shawn Vaughn,0.0,18.0,33.0,56.72727272727273,32.24242424242424,TB,RB85,251.0,56.72727272727273
151,Damien Williams,141.1,0.0,45.0,51.42857142857143,34.93114543114543,ATL,RB77,252.0,51.42857142857149
152,Parris Campbell,38.1,9.0,22.0,32.6,23.73333333333333,IND,WR82,253.0,32.599999999999945
153,Kendrick Bourne,95.8,81.0,126.0,126.48,95.51728411338168,NE,WR90,254.0,126.4799999999997
154,Terrace Marshall Jr.,0.0,0.0,16.0,38.17021276595744,12.723404255319148,CAR,WR91,254.0,51.20859626981981
155,Amari Rodgers,0.0,0.0,6.0,74.66666666666667,24.88888888888889,GB,WR97,255.0,61.69901676863865
156,Jerick McKinnon,0.0,93.0,23.0,69.0625,47.29379921259842,KC,RB69,255.7,69.0625
157,Sterling Shepard,139.8,97.0,42.0,28.15730337078652,43.06525496974936,NYG,WR98,256.0,28.15730337078652
158,Jalen Guyton,0.0,69.0,66.0,98.22784810126582,65.77072848355446,LAC,WR100,257.0,98.2278481012656
159,Dontrell Hilliard,38.1,5.0,54.0,42.829268292682926,49.77642276422764,TEN,RB79,259.0,42.82926829268299
160,Adam Trautman,0.0,23.0,36.0,49.21428571428571,44.14669738863287,NO,TE31,262.0,49.21428571428569
161,James Washington,133.5,69.0,42.0,66.17647058823529,76.4370430843005,DAL,WR105,267.0,66.17647058823519
162,Demarcus Robinson,100.9,63.0,44.0,68.77272727272727,74.7456394180532,LV,WR106,271.0,68.77272727272724
163,Chris Evans,0.0,0.0,35.0,94.7058823529412,31.5686274509804,CIN,RB81,276.0,94.70588235294117
164,Eno Benjamin,0.0,0.0,22.0,35.34146341463415,11.78048780487805,ARI,RB82,280.5,35.34146341463419
165,Foster Moreau,68.4,26.0,55.0,86.37837837837839,92.98844496670584,LV,TE38,282.0,86.37837837837834
166,Ricky Seals-Jones,58.9,0.0,39.0,44.9240506329114,45.1783872480075,NYG,TE39,283.0,44.924050632911445
167,Josh Reynolds,61.9,72.0,52.0,61.23076923076923,74.63957971852709,DET,WR107,291.0,65.89204492269086
168,Mo Alie-Cox,17.3,49.0,56.0,78.84057971014494,80.671170680324,IND,TE32,291.5,78.84057971014498
169,Randall Cobb,154.9,62.0,66.0,68.23880597014926,70.46281735910941,GB,WR101,294.0,68.23880597014913
170,Rashard Higgins,15.5,84.0,34.0,58.309859154929576,61.24061472455205,CAR,WR108,298.0,58.30985915492963
171,O.J. Howard,83.9,27.0,20.0,66.05714285714286,53.27115489874111,BUF,TE40,299.0,66.05714285714292
172,Rex Burkhead,101.1,83.0,79.0,64.0,61.63624595469256,HOU,RB80,299.5,66.62147616492085
173,David Johnson,141.5,147.0,49.0,54.14678899082568,61.20214075144648,,RB90,300.0,58.18426416856703
174,Josiah Deguara,0.0,1.0,37.0,68.13793103448276,25.379310344827587,GB,TE41,301.0,68.13793103448278
175,Zay Jones,48.9,23.0,59.0,79.91452991452991,66.16023546170605,JAC,WR102,305.0,79.91452991453004
176,Jauan Jennings,0.0,0.0,58.0,74.06451612903226,24.688172043010752,SF,WR110,306.0,76.20250815920389
177,Tyler Conklin,13.8,25.0,77.0,68.45945945945947,62.042042042042034,NYJ,TE36,306.0,68.45945945945935
178,Antonio Brown,16.1,72.0,79.0,37.355769230769226,26.261372713475517,,WR111,309.0,37.35576923076917
179,Olamide Zaccheaus,20.5,33.0,59.0,83.17857142857143,95.45054945054945,ATL,WR112,313.0,83.1785714285715
180,Jonnu Smith,104.7,99.0,39.0,73.42465753424658,81.3256540956843,NE,TE42,315.0,65.63952300431421
181,Nick Westbrook-Ikhine,0.0,5.0,70.0,80.84210526315789,40.94736842105263,TEN,WR96,317.5,71.4555658474096
182,Byron Pringle,35.0,28.0,85.0,95.5,87.66031746031746,CHI,WR113,318.0,91.10167909310498
183,Bryan Edwards,0.0,25.0,75.0,98.752688172043,62.763716570168185,ATL,WR104,318.0,98.75268817204292
184,Cam Sims,4.7,54.0,34.0,81.05263157894737,71.81754385964912,WAS,WR114,319.0,81.05263157894747
185,Jaelon Darden,0.0,0.0,5.0,27.0,9.0,TB,WR115,322.0,27.0
186,Josh Gordon,73.7,0.0,9.0,20.842105263157897,28.15457562825984,KC,WR116,323.0,20.842105263157915
187,N'Keal Harry,39.4,41.0,16.0,64.94117647058823,47.88409586056645,CHI,WR117,324.0,64.94117647058827
188,Jake Kumerow,39.9,8.0,3.0,52.5,71.6111111111111,BUF,WR120,331.0,52.5
189,Zack Moss,0.0,88.0,82.0,55.5546875,37.88489583333333,BUF,RB93,334.0,55.5546875
190,Jake Funk,0.0,0.0,1.0,25.0,8.333333333333334,LAR,RB94,335.0,25.0
191,Emmanuel Sanders,188.3,104.0,90.0,81.17543859649123,81.69002385695961,,WR121,336.0,81.17543859649135
192,Devontae Booker,12.6,69.0,104.0,72.7578947368421,80.11228070175439,,RB95,337.0,72.757894736842
193,Marquise Goodwin,38.1,0.0,37.0,73.03333333333333,42.70808080808081,SEA,WR122,338.0,73.0333333333335
194,Cole Beasley,180.8,126.0,77.0,57.23711340206186,67.42582802609023,,WR123,339.0,57.23711340206196
195,Nelson Agholor,92.0,138.0,66.0,72.32673267326733,73.85967062518218,NE,WR124,341.0,61.81121705435207
196,Devonta Freeman,197.6,29.0,113.0,70.58285714285714,49.23878210536183,,RB96,342.0,70.5828571428572
197,Zach Pascal,133.3,93.0,57.0,61.00934579439252,79.37946514295577,PHI,WR125,344.0,61.009345794392466
198,T.Y. Hilton,125.1,108.0,51.0,55.66666666666666,59.22006427642824,,WR127,348.0,55.6666666666667
199,Jordan Howard,111.4,30.0,61.0,32.92307692307692,29.990719319666685,,RB97,351.0,32.92307692307699
200,Latavius Murray,157.2,113.0,94.0,61.72727272727273,69.68316703394223,,RB98,355.0,61.72727272727275
201,Tommy Tremble,0.0,0.0,33.0,56.14545454545455,18.715151515151515,CAR,TE43,356.0,56.14545454545448
202,Jaret Patterson,0.0,0.0,46.0,73.37974683544303,24.459915611814345,WAS,RB99,357.0,73.3797468354432
203,Quez Watkins,0.0,17.0,73.0,105.4,45.833333333333336,PHI,WR129,362.0,78.84839980300877
204,Dan Arnold,32.7,66.0,41.0,51.58620689655172,57.98567343122696,JAC,TE44,364.0,51.58620689655166
205,Tre'Quan Smith,71.4,69.0,56.0,50.97560975609756,62.64949265771728,NO,WR130,365.0,50.975609756097576
206,Giovani Bernard,68.4,111.0,36.0,59.67567567567567,64.98114507950574,TB,RB101,367.0,59.67567567567578
207,Jared Cook,167.5,90.0,84.0,69.37404580152672,80.3167399712611,,TE45,369.0,69.37404580152659
208,Derrick Gore,0.0,0.0,48.0,66.55000000000001,22.183333333333337,KC,RB102,371.0,66.55000000000013
209,Kalif Raymond,29.5,18.0,84.0,81.74789915966386,86.66199813258636,DET,WR132,373.0,102.51002249465343
210,Brandon Bolden,50.9,0.0,83.0,115.89247311827955,73.82313206506755,LV,RB103,375.0,97.65947002911543
211,Tevin Coleman,135.4,9.0,41.0,44.55,42.30744873888586,NYJ,RB104,377.0,44.55000000000008
212,Ty Johnson,60.2,47.0,83.0,84.6896551724138,70.4147550338306,NYJ,RB105,379.0,84.68965517241388
213,Breshad Perriman,138.1,69.0,22.0,34.13793103448276,63.86819923371648,TB,WR133,380.0,34.13793103448278
214,Juwan Johnson,0.0,4.0,40.0,65.2,28.23333333333333,NO,TE46,386.0,65.19999999999989
215,Dyami Brown,0.0,0.0,16.0,65.27027027027027,21.75675675675676,WAS,WR136,390.0,65.2702702702702
216,Darius Slayton,170.0,91.0,43.0,50.76190476190476,70.87192868014786,NYG,WR137,391.0,50.76190476190468
217,Benny Snell Jr.,0.0,65.0,11.0,47.175,34.199666666666666,PIT,RB107,394.0,47.17500000000009
218,Anthony McFarland Jr.,0.0,17.0,1.0,7.0,16.91269841269841,PIT,RB108,395.0,23.31560774800157
219,Equanimeous St. Brown,0.0,18.0,11.0,56.0,43.66666666666666,CHI,WR139,397.0,56.0
220,Kene Nwangwu,0.0,0.0,19.0,42.77777777777778,14.25925925925926,MIN,RB109,399.0,46.948198024168285
221,Pharaoh Brown,4.7,28.0,15.0,45.0,55.03333333333333,HOU,TE49,404.0,45.0
222,D.K. Metcalf,185.1,188.0,169.0,82.08333333333333,91.3798994241435,,,,82.08333333333321
223,D.J. Moore,230.5,146.0,145.0,80.28515625,87.34167370495494,,,,80.28515625
224,Marvin Jones,193.9,152.0,107.0,73.63730569948186,74.42406077924873,,,,73.63730569948171
225,Tim Patrick,37.8,110.0,103.0,85.68115942028986,69.69841156890186,,,,73.71114555913607
226,Robby Anderson,160.3,129.0,86.0,58.40490797546013,73.58475677494083,,,,58.40490797546019
227,Deonte Harris,9.5,28.0,77.0,84.02105263157895,65.2625730994152,,,,84.02105263157883
228,Braxton Berrios+,0.0,0.0,75.0,68.46846846846847,22.822822822822825,,,,68.46846846846866
229,DeAndre Carter,25.2,-1.0,63.0,97.0,78.44888888888889,,,,92.35685901376402
230,Freddie Swain,0.0,28.0,62.0,99.12307692307692,58.29592760180996,,,,99.12307692307694
231,Henry Ruggs III,0.0,58.0,61.0,56.81666666666667,50.52826086956522,,,,56.81666666666663
232,Josh Palmer,0.0,0.0,60.0,75.25609756097562,25.08536585365854,,,,75.25609756097577
233,DeSean Jackson,36.9,31.0,56.0,136.2962962962963,64.28078297595842,,,,136.29629629629613
234,Jamal Agnew,0.0,16.0,52.0,54.285714285714285,35.34776334776335,,,,54.28571428571435
235,Keelan Cole,78.7,100.0,51.0,85.44303797468355,86.13246854697188,,,,85.44303797468359
236,Allen Robinson,254.9,161.0,49.0,47.42307692307693,66.72916375090288,,,,47.42307692307703
237,Laquon Treadwell,33.4,17.0,49.0,62.142857142857146,59.319413919413925,,,,62.14285714285711
238,Mack Hollins,22.5,22.0,46.0,91.88095238095238,73.85339457290677,,,,78.53760325387076
239,Danny Amendola,140.56,60.0,45.0,32.38709677419355,56.65804511012906,,,,32.387096774193616
240,Jalen Reagor,0.0,56.0,45.0,62.9,39.21372549019608,,,,62.89999999999992
241,Chris Conley,154.5,57.0,43.0,88.94915254237289,82.97584606631762,,,,88.94915254237281
242,Calvin Ridley,195.0,192.0,40.0,17.048192771084334,60.57674618358987,,,,17.048192771084356
243,Damiere Byrd,71.9,68.0,39.0,87.65625,72.80849358974359,,,,87.65625
244,Ashton Dulin,3.7,6.0,39.0,100.54285714285716,82.7457671957672,,,,88.93981962122405
245,Antoine Wesley,0.0,0.0,39.0,62.05882352941177,20.686274509803923,,,,62.05882352941172
246,Adam Humphries,86.5,35.0,38.0,63.21359223300971,48.27645192660258,,,,63.21359223300981
247,Lil'Jordan Humphrey,0.0,11.0,37.0,80.96774193548387,32.86424731182796,,,,50.72454352156328
248,Tyler Johnson,0.0,29.0,36.0,67.25274725274726,49.934823796892765,,,,74.63438628383622
249,Cyril Grayson,1.3,0.0,35.0,51.81818181818181,18.27272727272727,,,,31.55250510636526
250,Chris Moore,5.1,0.0,35.0,63.906976744186046,33.552325581395344,,,,64.1177193228463
251,Chester Rogers,45.7,0.0,35.0,68.16438356164383,40.8123702781237,,,,68.16438356164392
252,Quintez Cephus,0.0,47.0,34.0,27.837837837837835,36.933824733824736,,,,27.83783783783788
253,Malik Turner,45.5,0.0,33.0,76.0,58.57657657657658,,,,76.0
254,Brandon Zylstra,18.6,10.0,31.0,75.88372093023256,66.85647840531561,,,,75.88372093023263
255,John Ross,95.0,2.0,30.0,77.74193548387096,44.08858166922683,,,,77.74193548387102
256,Jakeem Grant,39.9,51.0,29.0,89.46428571428571,61.1484940984941,,,,89.4642857142856
257,Isaiah Ford,48.5,28.0,28.0,73.06896551724138,48.85823754789271,,,,73.0689655172412
258,Greg Ward,59.9,80.0,28.0,92.55555555555556,56.783521489403846,,,,92.55555555555553
259,Tavon Austin,47.4,0.0,27.0,50.08196721311475,47.86516024220942,,,,50.0819672131147
260,DJ Chark,223.8,101.0,27.0,21.517241379310345,55.39557236729839,,,,21.51724137931029
261,Ray-Ray McCloud,-2.0,12.0,27.0,44.49523809523809,32.86349206349206,,,,44.495238095238136
263,Ihmir Smith-Marsette,0.0,0.0,24.0,85.81818181818181,28.60606060606061,,,,85.81818181818193
264,Anthony Schwartz,0.0,0.0,23.0,74.24242424242424,24.747474747474744,,,,74.24242424242408
265,Tajae Sharpe,81.9,0.0,23.0,55.64516129032258,46.298387096774185,,,,55.64516129032263
266,Albert Wilson,89.4,0.0,23.0,50.3125,33.154960317460315,,,,50.3125
267,James Proche,0.0,1.0,20.0,78.55555555555554,42.51851851851851,,,,78.55555555555564
268,Noah Brown,0.0,16.0,18.0,58.34146341463415,41.62259306803595,,,,58.34146341463409
269,D'Wayne Eskridge,0.0,0.0,18.0,41.333333333333336,13.77777777777778,,,,41.33333333333339
270,KhaDarel Hodge,11.6,18.0,18.0,62.8,69.17142857142858,,,,62.80000000000011
271,Mohamed Sanu,124.1,27.0,18.0,36.30769230769231,45.6377761438737,,,,36.30769230769235
272,Marcus Johnson,56.7,26.0,16.0,39.5,50.30857142857142,,,,52.17592866113812
273,Kristian Wilkerson,0.0,0.0,16.0,11.0,3.6666666666666665,,,,11.0
274,Dante Pettis,34.54,12.0,15.0,10.153846153846157,32.97985347985348,,,,10.153846153846168
275,Trent Sherfield,12.0,5.0,15.0,51.58620689655173,63.1267748478702,,,,67.81730567031624
276,Scott Miller,40.6,70.0,14.0,52.71428571428572,68.24246812618905,,,,48.56449970546168
277,Ty Montgomery,32.3,13.0,14.0,46.333333333333336,78.2,,,,46.33333333333335
278,Denzel Mims,0.0,38.0,13.0,47.19354838709677,31.716257422564592,,,,47.19354838709669
279,Ben Skowronek,0.0,0.0,13.0,60.064516129032256,20.021505376344084,,,,60.06451612903221
280,Kenny Stills,120.1,20.0,13.0,31.379310344827584,52.34281105061505,,,,31.37931034482756
281,Tom Kennedy,0.0,0.0,12.0,40.5,13.5,,,,45.28379171735255
282,Phillip Dorsett,100.8,0.0,11.0,31.428571428571427,34.25932300631096,,,,33.95704670947376
283,Dez Fitzpatrick,0.0,0.0,11.0,15.384615384615383,5.128205128205129,,,,15.384615384615401
284,Collin Johnson,0.0,41.0,11.0,39.375,39.220238095238095,,,,39.375
285,Jeff Smith,2.2,17.0,11.0,53.76,31.6237037037037,,,,45.28458057951113
286,Trinity Benson,0.0,0.0,10.0,25.75,8.583333333333334,,,,25.75
287,Chris Hogan,14.7,12.0,10.0,17.5,17.547101449275363,,,,17.5
288,Shi Smith,0.0,0.0,10.0,35.64705882352941,11.882352941176473,,,,35.64705882352938
289,Auden Tate,101.5,15.0,10.0,40.0,45.03333333333333,,,,40.0
290,Cameron Batson,0.0,18.0,9.0,17.714285714285715,25.2647619047619,,,,17.71428571428573
291,Anthony Miller,127.5,60.0,9.0,4.333333333333333,48.31175344687753,,,,4.333333333333328
292,Dezmon Patmon,0.0,0.0,8.0,29.33333333333333,9.777777777777777,,,,29.333333333333357
293,Preston Williams,90.8,57.0,8.0,28.363636363636363,36.639122977104925,,,,28.363636363636363
294,Andre Roberts,5.7,-1.0,7.0,288.0,124.92222222222222,,,,288.0
295,Dede Westbrook,152.7,-2.0,7.0,40.8,35.59201596806387,,,,40.800000000000075
296,C.J. Board,5.1,10.0,6.0,34.2,36.2641975308642,,,,34.199999999999946
297,Ja'Marcus Bradley,0.0,6.0,6.0,40.0,17.083333333333332,,,,25.980699467210325
298,Alex Erickson,96.24,11.0,6.0,133.57142857142858,96.14573409871214,,,,133.5714285714288
299,Penny Hart,0.0,2.0,6.0,52.78947368421053,65.26315789473684,,,,86.9843042750579
300,Dax Milne,0.0,0.0,6.0,47.47826086956522,15.82608695652174,,,,47.47826086956512
301,Jason Moore,6.3,0.0,6.0,16.0,25.80952380952381,,,,16.0
302,Will Fuller,134.0,136.0,5.0,4.333333333333333,47.4171875,,,,33.3671847435871
303,Mike Thomas,3.4,17.0,5.0,39.0,42.05882352941177,,,,39.264852990365725
304,JJ Arcega-Whiteside,32.9,17.0,4.0,82.28571428571429,74.65079365079366,,,,82.28571428571446
305,Pharoh Cooper,55.5,7.0,4.0,19.2,54.72802829354553,,,,19.20000000000003
306,Greg Dortch,-2.0,0.0,4.0,32.5,10.833333333333334,,,,32.5
307,D.J. Montgomery,0.0,0.0,4.0,12.0,4.0,,,,12.0
308,Gunner Olszewski,3.4,0.0,4.0,128.0,57.77777777777778,,,,103.42293079112605
309,Willie Snead,95.1,61.0,4.0,28.5,56.73697290363956,,,,28.5
310,Trent Taylor,0.0,9.0,4.0,32.8,22.03010752688172,,,,32.80000000000005
311,Kevin White,0.0,0.0,4.0,38.0,12.666666666666666,,,,24.63380041576237
312,Juwann Winfree,0.0,0.0,4.0,19.33333333333333,6.444444444444444,,,,19.333333333333304
313,Christian Blake,20.1,14.0,3.0,30.76923076923077,42.31447477253929,,,,30.769230769230802
314,Daniel Brown,20.2,3.0,3.0,87.0,91.96296296296298,,,,87.0
315,K.J. Hill,0.0,5.0,3.0,30.0,30.277777777777786,,,,30.0
316,Cody Hollister,3.3,1.0,3.0,9.0,12.416666666666666,,,,9.0
317,Trenton Irwin,0.0,1.0,3.0,34.0,11.888888888888888,,,,34.0
318,Mike Strachan,0.0,0.0,3.0,31.2,10.4,,,,31.19999999999996
319,Cody White,0.0,0.0,3.0,45.0,15.0,,,,45.0
320,Seth Williams,0.0,0.0,3.0,34.0,11.333333333333334,,,,34.0
321,Davion Davis,0.0,0.0,2.0,8.5,2.833333333333333,,,,8.5
322,Tyron Johnson,0.0,60.0,2.0,22.857142857142858,43.966873706004144,,,,22.857142857142854
323,Marcus Kemp,0.0,1.0,2.0,54.85714285714285,38.45238095238096,,,,74.02727930867206
324,Keith Kirkwood,0.0,1.0,2.0,5.1,3.1444444444444444,,,,13.138726054654942
325,Dazz Newsome,0.0,0.0,2.0,9.857142857142856,3.285714285714285,,,,9.857142857142867
326,David Sills,0.0,0.0,2.0,8.5,2.833333333333333,,,,11.922757797757797
327,Tylan Wallace,0.0,0.0,2.0,48.875,16.291666666666668,,,,48.875
328,Tarik Black,0.0,0.0,1.0,3.333333333333333,1.1111111111111112,,,,3.333333333333332
329,Miles Boykin,50.8,51.0,1.0,24.0,66.32087912087913,,,,24.0
330,Keke Coutee,52.8,54.0,1.0,5.0,30.301920957329557,,,,24.477086080611244
331,Frank Darby,0.0,0.0,1.0,28.0,9.333333333333334,,,,28.0
332,Marvin Hall,39.8,42.0,1.0,10.0,72.56666666666666,,,,10.0
333,Andy Isabella,35.4,34.0,1.0,52.0,80.94805194805195,,,,52.0
334,Tommylee Lewis,0.0,2.0,1.0,4.666666666666667,9.472222222222223,,,,13.796551714764895
335,Kirk Merritt,0.0,0.0,1.0,6.5,2.1666666666666665,,,,6.5
336,Jaydon Mickens,0.0,6.0,1.0,22.0,18.705882352941178,,,,44.316948145378504
337,Stanley Morgan Jr.,0.0,0.0,1.0,39.66666666666666,13.22222222222222,,,,39.66666666666661
338,C.J. Saunders,0.0,0.0,1.0,5.5,1.8333333333333333,,,,5.5
339,Tyrell Williams,143.1,0.0,1.0,2.8,29.85786163522013,,,,31.231960976468322
340,Easop Winston,0.0,0.0,1.0,7.5,2.5,,,,7.5
343,Racey McMath,0.0,0.0,-1.0,9.0,3.0,,,,24.452121526313977
344,Malik Taylor,0.0,14.0,-1.0,28.0,43.87878787878788,,,,55.79672315517887
345,Diontae Spencer,7.7,11.0,-4.0,-9.0,29.428571428571427,,,,45.97493820642918
346,Melvin Gordon,180.8,166.0,167.0,75.75103734439834,64.43156386591001,,,,75.75103734439834
347,Darrell Henderson,22.4,114.0,134.0,55.36507936507937,60.525396825396825,,,,55.365079365079445
348,Mark Ingram,238.5,47.0,82.0,51.54871794871795,60.97603368853368,,,,51.54871794871806
349,Justin Jackson,31.2,46.0,64.0,81.89247311827957,56.25953923219762,,,,81.89247311827965
350,Alex Collins,0.0,20.0,60.0,46.61016949152543,19.68672316384181,,,,52.636197519393534
351,Duke Johnson,154.0,56.0,55.0,24.605263157894736,54.45729625788609,,,,24.605263157894726
352,Ameer Abdullah,39.3,22.0,52.0,74.53846153846155,81.57342657342657,,,,101.6809742183063
353,Travis Homer,28.0,24.0,46.0,115.75609756097562,83.17553482447266,,,,115.75609756097579
354,Jeremy McNichols,0.0,32.0,46.0,70.35443037974683,45.11814345991561,,,,70.3544303797469
355,Jeff Wilson,46.9,129.0,45.0,33.827586206896555,45.57456336766682,,,,33.82758620689661
356,Kyle Juszczyk,50.6,63.0,44.0,118.2608695652174,107.54911433172305,,,,96.01593856070805
357,Chris Carson,232.6,151.0,42.0,17.6,49.91890854243795,,,,17.59999999999997
358,Peyton Barber,114.5,51.0,40.0,41.32352941176471,45.98098438396384,,,,41.323529411764774
359,DeeJay Dallas,0.0,40.0,39.0,82.875,44.06944444444445,,,,82.875
360,Dare Ogunbowale,75.3,20.0,37.0,67.203125,68.79802772154746,,,,67.203125
361,Carlos Hyde,153.2,69.0,34.0,41.16129032258065,51.51639131284281,,,,50.059578756365205
362,Le'Veon Bell,213.0,59.0,33.0,23.30434782608696,44.00341005967604,,,,23.304347826086985
363,Demetric Felton,0.0,0.0,33.0,118.28571428571428,39.42857142857143,,,,118.28571428571423
364,Ty'Son Williams,0.0,0.0,33.0,74.68085106382979,24.8936170212766,,,,74.68085106382999
365,Craig Reynolds,0.0,1.0,28.0,22.380952380952383,9.793650793650794,,,,22.380952380952344
366,Salvon Ahmed,0.0,58.0,27.0,43.72602739726028,23.18208403878713,,,,43.726027397260225
367,Jamycal Hasty,0.0,24.0,27.0,55.24444444444445,28.74105594956659,,,,54.23497421484522
368,Elijhaa Penny,6.8,4.0,27.0,60.18918918918919,51.68489542173753,,,,60.18918918918917
369,Royce Freeman,142.2,25.0,25.0,51.25,67.12606837606837,,,,51.25
370,Corey Clement,-4.0,16.0,23.0,72.25,42.78703703703704,,,,72.25
371,Adrian Peterson,147.0,113.0,23.0,10.285714285714286,47.58138604690328,,,,44.132341107524454
372,Jermar Jefferson,0.0,0.0,22.0,34.65,11.55,,,,34.77796668405682
373,Malcolm Brown,59.1,86.0,20.0,25.052631578947366,48.84759361089291,,,,25.052631578947363
374,Godwin Igwebuike,0.0,0.0,20.0,108.67857142857144,36.22619047619048,,,,108.67857142857132
375,James White,198.2,68.0,19.0,16.625,57.75841606211022,,,,16.625
376,Tony Jones,0.0,1.0,17.0,30.338709677419352,11.557347670250897,,,,30.338709677419377
377,Austin Walter,0.0,3.0,17.0,15.310344827586206,25.103448275862068,,,,26.330198248196037
378,Jonathan Williams,40.4,1.0,17.0,23.47826086956522,32.88164251207729,,,,23.478260869565215
379,C.J. Ham,37.6,18.0,16.0,108.12,95.2521212121212,,,,108.12000000000013
380,Qadree Ollison,30.7,0.0,16.0,34.96296296296296,21.432098765432094,,,,34.96296296296302
381,Alec Ingold,18.1,17.0,15.0,55.92857142857143,69.97619047619048,,,,55.928571428571495
382,Larry Rountree,0.0,0.0,15.0,27.47368421052632,9.157894736842106,,,,27.47368421052628
383,J.J. Taylor,0.0,11.0,15.0,10.217391304347826,12.525797101449276,,,,10.217391304347844
384,Patrick Taylor,0.0,0.0,15.0,33.480000000000004,11.160000000000002,,,,31.228887407756766
385,Wayne Gallman,48.2,116.0,13.0,32.25806451612903,50.086543971416056,,,,32.25806451612911
386,Patrick Ricard,0.0,8.0,13.0,58.93333333333334,36.95213675213675,,,,58.93333333333339
387,Michael Burton,0.0,5.0,12.0,84.36363636363636,49.03030303030303,,,,84.36363636363622
388,Joshua Kelley,0.0,58.0,12.0,35.8974358974359,29.51805077178212,,,,35.897435897435926
389,Jalen Richard,82.8,32.0,11.0,48.69565217391305,71.90053807784454,,,,48.69565217391301
390,Ryquell Armstead,51.2,0.0,10.0,10.105263157894736,26.32887303003271,,,,10.105263157894711
391,Jason Cabinda,0.0,0.0,10.0,56.0,18.666666666666668,,,,56.0
392,JaQuan Hardy,0.0,0.0,9.0,22.5,7.5,,,,22.5
393,Deon Jackson,0.0,0.0,9.0,22.153846153846157,7.384615384615384,,,,22.153846153846175
394,Andy Janovich,15.3,2.0,9.0,21.666666666666664,35.666666666666664,,,,21.66666666666669
395,Keith Smith,3.1,7.0,9.0,77.84210526315789,58.47368421052632,,,,77.8421052631577
396,Alex Armah,9.7,3.0,8.0,42.16666666666667,35.65555555555556,,,,31.444490732778508
397,Johnny Stanton,0.0,0.0,7.0,10.4,3.466666666666667,,,,10.399999999999986
398,Jonathan Ward,0.0,7.0,7.0,67.0,78.33333333333333,,,,67.0
399,Mike Boone,50.0,13.0,6.0,76.0,83.53555878084181,,,,76.0
400,Ito Smith,36.3,40.0,6.0,5.0,32.27819392426134,,,,5.0
401,Trayveon Williams,0.0,17.0,6.0,16.176470588235293,25.49968374446553,,,,16.176470588235308
402,Jason Huntley,0.0,2.0,5.0,3.642857142857143,5.738095238095238,,,,16.644169963216942
403,Wendell Smallwood,23.5,0.0,5.0,14.1,25.41428571428571,,,,14.099999999999987
404,Rodney Smith,0.0,28.0,5.0,19.2,16.092307692307692,,,,19.20000000000003
405,Kalen Ballage,51.8,65.0,4.0,39.368421052631575,34.847721983530256,,,,39.368421052631646
406,Jakob Johnson,1.5,10.0,4.0,146.2,73.39999999999999,,,,146.20000000000024
407,Reggie Gilliam,0.0,8.0,3.0,52.0,57.0,,,,52.0
408,Kylin Hill,0.0,0.0,3.0,19.33333333333333,6.444444444444444,,,,22.11153482091916
409,Gabe Nabers,0.0,15.0,3.0,41.66666666666667,34.03703703703704,,,,41.666666666666615
410,La'Mical Perine,0.0,42.0,3.0,15.5,17.69831223628692,,,,15.5
411,Dwayne Washington,7.6,2.0,3.0,65.33333333333334,67.76388888888889,,,,59.04369581869661
412,Nick Bawden,5.7,0.0,2.0,180.0,69.44444444444444,,,,180.0
413,Reggie Bonnafon,29.3,15.0,2.0,21.33333333333333,48.4215873015873,,,,21.333333333333307
414,Darrynton Evans,0.0,14.0,2.0,4.5,9.092592592592592,,,,4.5
415,Patrick Laird,66.2,12.0,2.0,31.5,60.63840579710145,,,,34.535247321802174
416,Scottie Phillips,0.0,2.0,2.0,7.333333333333333,16.666666666666668,,,,7.333333333333339
417,Adam Prentice,0.0,0.0,2.0,24.5,8.166666666666666,,,,24.5
418,Trey Ragas,0.0,0.0,2.0,5.0,1.6666666666666667,,,,6.82348901098901
419,Jaylen Samuels,104.4,7.0,2.0,7.666666666666667,35.857311181807475,,,,7.66666666666666
420,Derek Watt,13.2,0.0,2.0,68.0,41.77777777777778,,,,53.44230253794577
421,Gary Brightwell,0.0,0.0,1.0,65.0,21.666666666666668,,,,65.0
422,Damarea Crockett,0.0,0.0,1.0,28.0,9.333333333333334,,,,28.0
423,Buddy Howell,1.0,7.0,1.0,22.0,35.370370370370374,,,,22.0
424,John Kelly,0.9,0.0,1.0,26.0,12.666666666666666,,,,26.0
425,Ryan Nall,0.8,13.0,1.0,36.0,52.88888888888889,,,,36.0
426,Jacques Patrick,0.0,0.0,1.0,12.0,4.0,,,,6.96036190667065
427,Mekhi Sargent,0.0,0.0,1.0,12.833333333333334,4.277777777777778,,,,12.83333333333333
428,Kenjon Barner,9.12,0.0,0.0,0.0,19.444444444444446,,,,27.028847828341437
429,Nick Bellore,10.3,1.0,0.0,68.0,116.0,,,,68.0
430,Nathan Cottrell,0.0,0.0,0.0,12.0,4.0,,,,12.0
431,Nate McCrary,0.0,0.0,0.0,-1.0,-0.3333333333333333,,,,-1.0
432,Devine Ozigbo,8.0,4.0,0.0,6.0,25.37142857142857,,,,6.0
433,Khari Blasingame,9.4,4.0,-1.0,22.0,67.93333333333334,,,,22.0
434,Trenton Cannon,0.0,5.0,-2.0,16.0,22.923076923076923,,,,46.73156429946285
435,Rob Gronkowski,0.0,104.0,116.0,67.33333333333333,49.98542805100183,,,,67.33333333333324
436,Kyle Pitts*,0.0,0.0,109.0,98.08426966292134,32.69475655430711,,,,98.08426966292134
437,Jack Doyle,111.8,41.0,50.0,72.01388888888889,66.133615136876,,,,64.75041385636585
438,Anthony Firkser,40.4,45.0,45.0,57.07792207792208,68.49241185968874,,,,57.07792207792218
439,Harrison Bryant,0.0,38.0,41.0,77.06122448979592,45.12255870089971,,,,77.06122448979586
440,Donald Parham,0.0,34.0,39.0,57.48936170212766,42.56312056737588,,,,68.63092369329725
441,Geoff Swaim,19.5,14.0,39.0,48.0,33.666666666666664,,,,48.0
442,Ryan Griffin,96.0,9.0,38.0,53.36231884057971,57.041407867494826,,,,53.36231884057971
444,Jimmy Graham,100.7,94.0,37.0,68.91891891891892,67.10298053155196,,,,53.92060279578904
445,Durham Smythe,13.5,33.0,36.0,81.6,62.7988455988456,,,,79.41759336560266
446,MyCole Pruitt,21.0,23.0,35.0,74.0,73.71794871794872,,,,78.08053747234186
447,John Bates,0.0,0.0,31.0,94.44444444444444,31.48148148148148,,,,94.44444444444449
448,Will Dissly,73.9,37.0,29.0,74.04255319148936,61.05997056068514,,,,74.04255319148955
449,James O'Shaughnessy,41.3,26.0,26.0,29.448275862068964,37.26261601819411,,,,29.448275862068957
450,Maxx Williams,41.2,16.0,25.0,29.393939393939394,58.80778371954843,,,,46.063352463376106
451,Brock Wright,0.0,0.0,24.0,41.03448275862069,13.67816091954023,,,,45.81005156788392
452,Stephen Anderson,0.0,11.0,23.0,80.62857142857143,56.630576441102754,,,,72.36382390519874
453,Tyler Kroft,19.1,30.0,23.0,38.19512195121951,40.45551684088269,,,,44.581680591768624
454,Blake Jarwin,85.5,1.0,22.0,28.0,38.59259259259259,,,,28.0
455,Eric Ebron,86.5,86.0,21.0,23.2,43.5817883780018,,,,30.21618450560545
456,Marcedes Lewis,36.6,29.0,21.0,71.33333333333333,68.7755991285403,,,,78.22274771988619
457,Ian Thomas,35.6,21.0,19.0,66.58333333333333,53.34647627166809,,,,58.763752106167
458,Nick Vannett,33.6,16.0,19.0,39.083333333333336,49.44291819291819,,,,39.08333333333339
459,Jordan Akins,89.8,47.0,18.0,49.49122807017543,61.67060017366014,,,,49.491228070175495
460,Joe Fortson,0.0,0.0,17.0,29.4,9.8,,,,29.400000000000055
461,Zach Gentry,1.4,0.0,17.0,64.52272727272727,24.174242424242426,,,,64.52272727272724
462,Jesper Horsted,20.7,0.0,14.0,32.2,20.51111111111111,,,,32.19999999999995
463,Chris Manhertz,2.1,5.0,13.0,81.60000000000001,74.50952380952383,,,,81.60000000000015
464,Lee Smith,13.1,16.0,13.0,52.8,48.89629629629629,,,,58.86417311412031
465,Jacob Hollister,93.9,41.0,12.0,17.043478260869566,35.982697881828315,,,,17.04347826086956
466,Jesse James,30.2,25.0,12.0,58.8,56.6198105081826,,,,58.80000000000011
467,Antony Auclair,2.1,0.0,11.0,76.8,32.93333333333333,,,,76.80000000000013
468,Ross Dwelley,36.1,31.0,11.0,98.2222222222222,76.65777405312288,,,,98.22222222222244
469,Kylen Granson,0.0,0.0,11.0,69.3076923076923,23.102564102564106,,,,69.30769230769236
470,Eric Saubert,4.1,2.0,11.0,40.8,22.495238095238093,,,,40.800000000000075
471,Adam Shaheen,14.4,33.0,11.0,47.14285714285714,48.68398268398269,,,,47.14285714285718
472,Blake Bell,14.7,11.0,10.0,70.54545454545455,61.054727880814845,,,,63.30102739052194
473,Noah Gray,0.0,0.0,10.0,34.8235294117647,11.607843137254902,,,,34.82352941176476
474,Chris Herndon,1.7,43.0,10.0,59.63636363636363,41.00744284954811,,,,59.63636363636371
475,Tommy Sweeney,19.4,0.0,10.0,27.857142857142858,20.142857142857142,,,,55.75237361424196
476,Sean McKeon,0.0,0.0,9.0,25.2,8.4,,,,25.199999999999992
477,Tyree Jackson,0.0,0.0,8.0,20.7,6.9,,,,20.700000000000028
478,Chris Myarick,0.0,0.0,8.0,16.0,5.333333333333333,,,,24.287167094205525
479,Drew Sample,8.0,39.0,8.0,52.96153846153847,45.90734892347796,,,,55.85706310464384
480,Josh Oliver,4.5,0.0,7.0,38.5,15.055555555555555,,,,38.5
481,Luke Farrell,0.0,0.0,6.0,46.66666666666667,15.555555555555555,,,,46.66666666666665
482,Tre' McKitty,0.0,0.0,5.0,35.35714285714286,11.785714285714286,,,,35.35714285714279
483,Charlie Woerner,0.0,4.0,5.0,80.36363636363636,50.78787878787879,,,,80.36363636363622
484,Kendall Blanton,0.0,0.0,4.0,37.0,12.333333333333334,,,,36.40428336967413
485,Tyler Davis,0.0,0.0,4.0,54.44444444444444,18.14814814814815,,,,54.44444444444437
486,Darren Fells,110.1,55.0,4.0,43.0,71.362037497926,,,,43.0
487,Garrett Griffin,0.0,0.0,4.0,63.375,21.125,,,,63.375
488,Parker Hesse,0.0,0.0,4.0,31.272727272727277,10.424242424242424,,,,31.272727272727334
489,Trevon Wesco,6.9,1.0,4.0,52.5,76.43333333333334,,,,66.51425794262002
490,Kenny Yeboah,0.0,0.0,4.0,64.8,21.6,,,,64.80000000000011
491,Dominique Dafney,0.0,9.0,3.0,56.66666666666667,30.13888888888889,,,,56.66666666666671
492,Tommy Hudson,0.0,0.0,3.0,17.22222222222222,5.7407407407407405,,,,17.222222222222186
493,Colby Parkinson,0.0,2.0,3.0,35.53846153846154,19.846153846153847,,,,35.53846153846146
494,Kaden Smith,75.8,11.0,3.0,49.5,41.995960660344224,,,,49.5
495,Jeremy Sprinkle,56.1,1.0,3.0,87.83333333333333,56.833333333333336,,,,87.83333333333327
496,Shane Zylstra,0.0,0.0,3.0,13.6,4.533333333333333,,,,13.599999999999989
497,Cethan Carter,9.3,5.0,2.0,64.0,57.41666666666666,,,,63.452311018580794
498,Jack Stoll,0.0,0.0,2.0,39.11111111111112,13.037037037037038,,,,39.1111111111112
499,Mitchell Wilcox,0.0,0.0,2.0,30.0,10.0,,,,46.697781754416376
500,Derek Carrier,32.5,1.0,1.0,16.25,65.41666666666667,,,,16.25
501,Demetrius Harris,47.9,5.0,1.0,15.555555555555554,33.994708994709,,,,43.938548831318805
502,Brycen Hopkins,0.0,0.0,1.0,22.5,7.5,,,,22.5
503,Hunter Long,0.0,0.0,1.0,14.0,4.666666666666667,,,,14.0
504,Johnny Mundt,6.6,5.0,1.0,27.0,54.57575757575757,,,,35.608161108742614
505,Kevin Rader,0.0,0.0,1.0,9.6,3.2,,,,22.956065399061153
506,Richard Rodgers,0.0,47.0,1.0,8.25,32.192424242424245,,,,8.25
507,Luke Stocker,13.3,6.0,1.0,36.0,42.71212121212121,,,,36.0
508,Eric Tomlinson,1.1,0.0,1.0,59.5,21.166666666666668,,,,46.745657665413574
509,Ethan Wolf,0.0,0.0,1.0,4.0,1.3333333333333333,,,,8.774214285714287
510,Nick Boyle,75.1,23.0,0.0,3.333333333333333,35.5194226484549,,,,3.333333333333332
511,Darrell Daniels,1.4,15.0,0.0,0.0,23.24561403508772,,,,0.0
512,Daniel Helm,0.0,0.0,0.0,-3.0,-1.0,,,,-3.0
513,Deon Yelder,8.0,4.0,0.0,0.0,30.76190476190476,,,,0.0
