,Player,2019 FantasyPoints,2020 FantasyPoints,2021 FantasyPoints,Production21,Average Total Production,2021 Tm,Pos,AVG,Prediction
0,Jonathan Taylor,0.0,217.0,333.0,97.25065274151436,59.723157309902085,IND,RB,1.0,85.30647080073629
1,Austin Ekeler,309.0,111.0,274.0,84.16,79.97979128299569,LAC,RB,3.0,88.35962422227607
2,Cooper Kupp,270.5,117.0,295.0,100.22916666666666,84.27473196881091,LAR,WR,3.5,128.4334439580626
3,Derrick Henry,294.6,314.0,175.0,36.85355648535565,67.39717519177557,TEN,RB,3.8,57.26649961050585
4,Christian McCaffrey,469.2,73.0,91.0,39.35,47.96204351204352,CAR,RB,4.0,-28.23050657484694
5,Justin Jefferson,0.0,186.0,222.0,101.3818181818182,69.07406458955755,MIN,WR,6.3,133.29858896942676
6,Najee Harris,0.0,0.0,227.0,71.09476309226932,23.69825436408977,PIT,RB,7.3,115.63953873969223
7,Dalvin Cook,292.4,294.0,172.0,60.59395973154362,69.72421783121847,MIN,RB,7.8,57.10012934633567
8,Ja'Marr Chase,0.0,0.0,224.0,121.11483253588516,40.37161084529505,CIN,WR,9.3,73.92510024882405
9,Joe Mixon,225.4,79.0,246.0,72.23529411764706,55.58549517810754,CIN,RB,9.8,23.637686995376903
10,Davante Adams,210.7,243.0,221.0,85.6986301369863,72.257984937437,GNB,WR,11.5,63.70731009406909
11,Stefon Diggs,212.1,202.0,183.0,78.63295880149813,92.43666976680012,BUF,WR,12.8,169.26982290153464
12,Nick Chubb,255.2,192.0,195.0,79.79446640316205,77.59108017029956,CLE,RB,13.8,21.847556978763542
13,Travis Kelce,254.3,208.0,171.0,80.56637168141593,83.75597224859787,KAN,TE,14.0,104.3683020314761
14,D'Andre Swift,0.0,144.0,147.0,61.08296943231441,42.86391378737966,DET,RB,14.5,81.66132024300472
15,Aaron Jones,314.8,212.0,177.0,76.27118644067797,79.07524396507448,GNB,RB,17.5,79.53935288112345
16,CeeDee Lamb,0.0,144.0,154.0,95.19597989949747,61.22388519172439,DAL,WR,17.5,107.81714433020693
17,Deebo Samuel,187.1,48.0,262.0,144.16161616161617,95.7567706045967,SFO,WR,19.0,44.752319300306766
18,Alvin Kamara,248.52,295.0,188.0,56.99674267100977,71.32722166604987,NOR,RB,19.3,33.40276551739805
19,Javonte Williams,0.0,0.0,162.0,81.4140625,27.13802083333333,DEN,RB,20.0,50.93461756169869
20,Saquon Barkley,244.1,9.0,108.0,51.05022831050229,40.9065621461937,NYG,RB,21.3,29.619744785350285
21,Tyreek Hill,188.3,242.0,186.0,84.62222222222222,84.31698637412923,KAN,WR,21.8,99.84187862263069
22,Leonard Fournette,259.4,96.0,187.0,67.66666666666667,63.76426940639269,TAM,RB,23.0,43.691373543412055
23,Mark Andrews,207.2,112.0,194.0,89.57692307692307,79.09404961688067,BAL,TE,23.3,81.09717708561743
24,Mike Evans,230.7,179.0,189.0,90.12765957446808,87.69210777400485,TAM,WR,25.0,93.45889899641003
25,A.J. Brown,217.1,178.0,118.0,68.4047619047619,95.51861047449285,TEN,WR,28.5,102.04919236947693
26,Keenan Allen,261.5,145.0,152.0,69.59695817490494,67.81261042020977,LAC,WR,29.0,99.50883597594606
27,Ezekiel Elliott,311.7,172.0,205.0,73.23509933774834,71.12086516583419,DAL,RB,29.8,73.73778697203974
28,Tee Higgins,0.0,128.0,145.0,83.46739130434783,56.53103519668738,CIN,WR,30.8,102.05712613139721
29,James Conner,145.5,130.0,221.0,71.2655601659751,58.637609330829406,ARI,RB,31.8,45.444169966495394
30,Cam Akers,0.0,91.0,1.0,1.625,21.009171907756816,LAR,RB,32.3,43.48489190394628
31,David Montgomery,170.4,211.0,153.0,54.4963768115942,63.07417477010163,CHI,RB,33.5,52.05447853017645
32,Michael Pittman Jr.,0.0,59.0,151.0,88.68202764976958,52.29994981064928,IND,WR,37.5,137.97014151145981
33,Antonio Gibson,0.0,166.0,187.0,69.21290322580646,46.03358456436539,WAS,RB,38.0,106.40905984956225
34,Terry McLaurin,191.9,137.0,137.0,87.8743961352657,83.97291533996535,WAS,WR,41.3,120.9701034996992
35,Jaylen Waddle,0.0,0.0,142.0,67.21311475409836,22.40437158469945,MIA,WR,41.5,124.07569969627897
36,George Kittle,222.5,77.0,127.0,79.41818181818181,68.41041496041495,SFO,TE,42.8,73.480270635045
37,Diontae Johnson,157.1,134.0,167.0,70.84057971014492,69.6222899863534,PIT,WR,43.0,107.85604658876309
38,Josh Jacobs,191.6,198.0,172.0,65.6049822064057,63.85669568905862,LVR,RB,44.3,64.48845102710933
39,Elijah Mitchell,0.0,0.0,146.0,53.59471365638766,17.86490455212922,SFO,RB,45.5,48.768266886496974
40,Darren Waller,221.0,172.0,79.0,49.57432432432432,71.73434459304025,LVR,TE,46.8,79.360870297221
41,Mike Williams,161.3,106.0,171.0,90.14634146341464,94.8464761658489,LAC,WR,49.3,133.101983052342
42,AJ Dillon,0.0,38.0,152.0,85.22767857142857,48.65228174603175,GNB,RB,58.8,67.77717470655804
43,Courtland Sutton,222.42,7.0,92.0,84.78205128205128,61.5894819466248,DEN,WR,60.0,64.50088434522557
44,Jerry Jeudy,0.0,106.0,47.0,50.0,44.43232323232324,DEN,WR,60.5,77.65811711311962
45,Damien Harris,1.2,86.0,192.0,72.37668161434978,43.37093090848696,NWE,RB,60.8,74.28097022427178
46,Brandin Cooks,117.5,151.0,142.0,76.0,80.3093567251462,HOU,WR,62.0,125.17974738909373
47,Marquise Brown,146.4,125.0,135.0,68.79324894514768,72.7653359298929,BAL,WR,62.5,107.85592485945277
48,Clyde Edwards-Helaire,0.0,140.0,99.0,45.91549295774648,35.68105084407152,KAN,RB,63.3,79.36388358041931
49,Dalton Schultz,1.6,84.0,131.0,76.21978021978022,57.792558318874114,DAL,TE,64.8,90.54382642986718
50,T.J. Hockenson,80.7,108.0,84.0,48.57931034482758,55.55574081091322,DET,TE,64.8,76.79073097472276
51,Amari Cooper,246.5,145.0,135.0,76.13372093023256,85.00116660000381,DAL,WR,65.0,109.12391536399184
52,Chris Godwin,274.1,126.0,144.0,70.3111111111111,76.61007467928974,TAM,WR,65.5,95.08022628180194
53,Miles Sanders,216.7,142.0,91.0,64.0,70.5255586164677,PHI,RB,70.3,40.399638794396
54,Gabriel Davis,0.0,102.0,91.0,90.6122448979592,63.523669261519046,BUF,WR,71.8,64.82665457551613
55,Amon-Ra St. Brown,0.0,0.0,137.0,79.63157894736841,26.543859649122805,DET,WR,72.0,89.58002121261913
56,Adam Thielen,114.4,180.0,133.0,59.22222222222222,64.36833536833537,MIN,WR,73.8,81.718559402652
57,Darnell Mooney,0.0,91.0,139.0,84.0,49.97064989517819,CHI,WR,76.0,126.75184746718153
58,JuJu Smith-Schuster,113.2,137.0,20.0,16.16279069767442,45.12013658176448,PIT,WR,78.3,20.200725830201065
59,Dallas Goedert,144.7,70.0,109.0,94.77272727272728,70.10276577517958,PHI,TE,79.0,34.49962083645221
60,Kareem Hunt,101.4,181.0,88.0,43.04761904761905,53.42375742708108,CLE,RB,79.8,20.330793239389905
61,Devin Singletary,147.9,106.0,158.0,79.0,71.40675566343042,BUF,RB,80.0,83.40508115413093
62,Rashaad Penny,75.3,3.0,116.0,63.22834645669292,44.2108842255962,SEA,RB,81.3,4.3047204101752925
63,Hunter Renfrow,133.5,76.0,156.0,77.27272727272728,74.13520733652312,LVR,WR,81.3,117.83926500018174
64,Tony Pollard,87.2,93.0,124.0,90.17045454545456,80.65102398939212,DAL,RB,84.5,29.730685369947626
65,Elijah Moore,0.0,0.0,95.0,54.81666666666667,18.272222222222226,NYJ,WR,85.3,52.144976156463684
66,DeAndre Hopkins,266.54,173.0,105.0,54.71698113207548,69.08722086411582,ARI,WR,85.5,47.319567393590354
67,Rashod Bateman,0.0,0.0,58.0,54.31578947368421,18.105263157894736,BAL,WR,86.5,49.52658223726847
68,Cordarrelle Patterson,29.6,48.0,183.0,84.82882882882883,79.32540604054152,ATL,RB,87.0,107.68180434335491
69,Chase Edmonds,82.8,115.0,100.0,64.2603550295858,71.31964659773708,ARI,RB,89.0,66.9542062220284
70,DeVonta Smith,0.0,0.0,122.0,93.19642857142856,31.06547619047619,PHI,WR,90.5,80.04378483589385
71,Dawson Knox,79.7,43.0,115.0,75.0,67.6945701357466,BUF,TE,90.5,81.39541506700849
72,Zach Ertz,213.6,42.0,107.0,70.55913978494624,55.59976640896647,2TM,TE,97.0,85.97708255510587
73,Rhamondre Stevenson,0.0,0.0,101.0,58.33112582781457,19.44370860927152,NWE,RB,97.5,23.99960406195044
74,Tyler Lockett,235.2,165.0,168.0,105.95555555555556,89.22273307790549,SEA,WR,98.8,58.313224470029645
75,Brandon Aiyuk,0.0,125.0,114.0,102.97142857142858,55.65714285714287,SFO,WR,98.8,74.9549173635709
76,Robert Woods,232.9,155.0,92.0,47.92105263157895,70.07400789965182,LAR,WR,105.3,58.0174346931896
77,Michael Carter,0.0,0.0,118.0,67.08910891089108,22.363036303630363,NYJ,RB,108.5,55.26061905573882
78,Allen Lazard,102.8,65.0,103.0,82.95,78.2360613996799,GNB,WR,110.8,67.34529461407358
79,James Robinson,0.0,201.0,143.0,66.46666666666667,44.30666666666667,JAX,RB,111.8,81.06274441571261
80,Christian Kirk,166.2,98.0,131.0,94.25555555555556,74.38820057530687,ARI,WR,112.8,48.0810217883386
81,Mike Gesicki,136.0,106.0,92.0,71.85945945945946,71.5463208550165,MIA,TE,113.5,65.86915645496893
82,Russell Gage,98.8,109.0,97.0,67.725,66.0207171091048,ATL,WR,113.8,55.59495442234141
83,Ronald Jones II,0.0,158.0,69.0,69.6140350877193,46.15909431698905,TAM,RB,114.0,65.54968914390017
84,Alexander Mattison,68.4,74.0,94.0,66.86705202312139,65.31526680478993,MIN,RB,115.3,52.2294942797371
85,Chase Claypool,0.0,153.0,108.0,87.6219512195122,57.27749251176723,PIT,WR,116.0,69.91797518423621
86,Kadarius Toney,0.0,0.0,43.0,44.375,14.791666666666666,NYG,WR,121.8,39.75164694884589
87,Pat Freiermuth,0.0,0.0,92.0,58.01438848920864,19.33812949640288,PIT,TE,122.0,89.62901503407852
88,Nyheim Hines,105.9,130.0,73.0,88.61061946902655,82.88636810583714,IND,RB,132.3,36.437147692856655
89,Tyler Boyd,222.9,114.0,117.0,84.96894409937889,76.04100190800958,CIN,WR,139.5,51.64410576461348
90,Raheem Mostert,165.2,84.0,2.0,10.0,50.34422457432121,SFO,RB,141.0,-2.363272898055243
91,Jarvis Landry,237.4,116.0,81.0,53.00719424460432,71.06909439100565,CLE,WR,141.3,82.79516719726811
92,Marquez Valdes-Scantling,84.1,104.0,61.0,58.80246913580247,89.10353307236777,GNB,WR,141.8,61.41543909089956
93,J.D. McKissic,83.8,111.0,85.0,66.76237623762377,77.6951510535669,WAS,RB,144.5,49.828719629372095
94,Marlon Mack,179.3,6.0,11.0,19.818181818181817,30.148989898989896,IND,RB,145.0,-34.351712545339694
95,Cole Kmet,0.0,34.0,61.0,68.0,40.59259259259259,CHI,TE,145.3,124.00423393623126
96,Kenneth Gainwell,0.0,0.0,90.0,74.57627118644068,24.858757062146893,PHI,RB,147.3,34.79159297975848
97,Albert Okwuegbunam,0.0,18.0,43.0,63.67123287671232,27.4801545486477,DEN,TE,148.3,44.88353473795543
98,Kenny Golladay,248.0,46.0,52.0,64.54867256637168,67.80224203834433,NYG,WR,150.5,66.35910697360212
99,DeVante Parker,246.2,103.0,64.0,45.75221238938053,69.94969328642001,MIA,WR,151.5,67.14108035798007
100,Jakobi Meyers,61.9,84.0,103.0,71.33492822966507,75.16935418600775,NWE,WR,153.3,128.88201472458735
101,Julio Jones,274.1,95.0,49.0,55.063291139240505,65.15219167176365,TEN,WR,156.5,36.61873951489818
102,Khalil Herbert,0.0,0.0,65.0,75.85714285714286,25.28571428571429,CHI,RB,160.3,29.06309999341557
103,Michael Gallup,212.7,114.0,57.0,41.47422680412371,70.41873781693526,DAL,WR,160.5,64.807188265275
104,Jamaal Williams,146.3,96.0,94.0,54.65745856353591,62.839168803475296,DET,RB,162.5,45.014337354937496
105,Mecole Hardman,113.5,87.0,82.0,88.7112676056338,105.03620044179485,KAN,WR,164.5,101.64015206130873
106,Rondale Moore,0.0,0.0,55.0,60.74576271186441,20.24858757062147,ARI,WR,165.8,52.96588106805707
107,Hunter Henry,148.2,85.0,114.0,83.232,66.62424081557984,NWE,TE,168.5,68.61271349815198
108,Noah Fant,111.0,87.0,91.0,68.25316455696202,72.38140583629308,DEN,TE,172.8,98.66988653386468
109,Darrel Williams,67.8,37.0,149.0,86.09950248756219,72.9665008291874,KAN,RB,173.5,74.52635792577351
110,Sony Michel,152.6,68.0,125.0,68.98755186721992,62.49192087549937,LAR,RB,175.0,28.961907321681224
111,David Njoku,15.1,33.0,72.0,86.29213483146067,51.90710049937578,CLE,TE,175.5,60.69393429053905
112,D'Onta Foreman,0.0,16.0,85.0,43.25,23.19927536231884,TEN,RB,180.0,30.60277655646856
113,Van Jefferson,0.0,28.0,118.0,101.26618705035972,57.22206235011991,LAR,WR,182.3,103.57262387870611
114,Sammy Watkins,136.5,50.0,43.0,67.56578947368422,60.56704107175472,BAL,WR,183.0,33.81614355276523
115,Robert Tonyan,26.0,125.0,32.0,35.06382978723404,55.185961280429375,GNB,TE,185.3,14.245307646032096
116,Corey Davis,115.1,126.0,71.0,48.0,72.31667045799212,NYJ,WR,189.0,52.39599705721877
117,Gerald Everett,89.8,52.0,70.0,67.83783783783784,62.72811656617082,SEA,TE,194.5,72.7455025126724
118,Evan Engram,109.4,78.0,57.0,51.42857142857142,49.64728682170542,NYG,TE,195.3,87.68848048035133
119,Cameron Brate,91.1,40.0,49.0,48.65517241379311,59.11003679301788,TAM,TE,196.5,68.38976590214273
120,Kenyan Drake,212.2,167.0,73.0,63.84466019417475,64.6301372760539,LVR,RB,197.3,11.34363408454822
121,Chuba Hubbard,0.0,0.0,113.0,64.42105263157895,21.473684210526315,CAR,RB,201.3,58.045973884979986
122,K.J. Osborn,0.0,0.0,109.0,86.54545454545455,28.848484848484848,MIN,WR,204.0,60.9755284399814
123,Curtis Samuel,171.7,135.0,4.0,12.666666666666666,60.19388418998048,WAS,WR,206.0,2.916319917871199
124,Tyler Higbee,160.4,84.0,86.0,58.04794520547946,68.0086383401582,LAR,TE,209.3,86.92565193838855
125,Jamison Crowder,197.7,113.0,59.0,44.16393442622951,56.633743907842266,NYJ,WR,209.7,20.562616129566905
126,Donovan Peoples-Jones,0.0,44.0,76.0,91.30434782608695,66.43478260869564,CLE,WR,210.0,52.22612310162248
127,Hayden Hurst,76.9,93.0,38.0,51.08771929824561,65.53004491906094,ATL,TE,212.7,45.00247373185188
128,Trey Sermon,0.0,0.0,25.0,38.8,12.933333333333332,SFO,RB,216.0,4.919898575208684
129,Kyle Rudolph,111.7,37.0,34.0,63.50769230769231,64.65051576775714,NYG,TE,217.0,70.17986543283806
130,Mike Davis,11.9,148.0,94.0,66.43877551020408,53.2455492835432,ATL,RB,218.5,65.03786470539231
131,Odell Beckham Jr.,0.0,64.0,85.0,61.77777777777778,34.55723905723906,2TM,WR,222.0,83.67384977195826
132,D'Ernest Johnson,15.2,18.0,85.0,91.664,101.10667321867322,CLE,RB,222.3,75.62164149117662
133,Austin Hooper,189.7,68.0,55.0,56.24242424242424,55.12558220537371,CLE,TE,224.3,63.443127685356195
134,Boston Scott,96.9,71.0,86.0,71.92233009708738,70.14269240784138,PHI,RB,231.5,49.41162275791389
135,Devin Duvernay,0.0,33.0,50.0,64.8,53.02028985507246,BAL,WR,232.5,97.07685515822723
136,KJ Hamler,0.0,60.0,7.0,14.8,26.29767441860465,DEN,WR,233.0,17.462609303453142
137,Brevin Jordan,0.0,0.0,36.0,33.9375,11.3125,HOU,TE,233.0,18.738686407293322
138,Logan Thomas,39.3,105.0,36.0,27.76744186046512,50.30276700044141,WAS,TE,233.5,20.761637495187195
139,Myles Gaskin,31.4,123.0,125.0,61.44491525423729,46.70573453800855,MIA,RB,234.0,72.87669199176554
140,Isaiah McKenzie,63.3,70.0,33.0,74.02173913043478,72.37088274044795,BUF,WR,235.7,20.869336583633427
141,Cedrick Wilson Jr.,0.0,35.0,103.0,93.43396226415096,52.35946890286513,DAL,WR,240.0,66.77458371006023
142,Nico Collins,0.0,0.0,51.0,67.29032258064515,22.43010752688172,HOU,WR,241.3,36.419821543457445
143,Samaje Perine,1.6,55.0,56.0,82.6046511627907,61.31266149870802,CIN,RB,245.3,44.51052031656808
144,Marquez Callaway,0.0,21.0,106.0,92.06153846153846,46.95801282051283,NOR,WR,246.0,79.76125956637713
145,A.J. Green,0.0,64.0,103.0,93.26027397260276,49.62980434848348,ARI,WR,247.7,95.03984464277747
146,Laviska Shenault Jr.,0.0,99.0,64.0,64.78527607361963,45.30312122162017,JAX,WR,248.5,93.45183466840709
147,Matt Breida,103.3,33.0,36.0,51.42857142857143,59.69708003141288,BUF,RB,248.7,0.5745385279998487
148,C.J. Uzomah,63.2,15.0,79.0,71.14285714285714,46.22489058467063,CIN,TE,249.0,36.003585024326014
149,Phillip Lindsay,197.7,59.0,41.0,44.55913978494623,53.40696816360953,2TM,RB,249.0,13.256631824240984
150,Ke'Shawn Vaughn,0.0,18.0,33.0,56.72727272727273,32.24242424242424,TAM,RB,251.0,26.84568973626593
151,Damien Williams,141.1,0.0,45.0,51.42857142857143,34.93114543114543,CHI,RB,252.0,-6.808901877810584
152,Parris Campbell,38.1,9.0,22.0,32.6,23.73333333333333,IND,WR,253.0,-22.114492362963688
153,Kendrick Bourne,95.8,81.0,126.0,126.48,95.51728411338168,NWE,WR,254.0,17.76701500665198
154,Terrace Marshall Jr.,0.0,0.0,16.0,38.17021276595744,12.723404255319148,CAR,WR,254.0,30.852336876012032
155,Amari Rodgers,0.0,0.0,6.0,74.66666666666667,24.88888888888889,GNB,WR,255.0,7.3205684440303855
156,Jerick McKinnon,0.0,93.0,23.0,69.0625,47.29379921259842,KAN,RB,255.7,47.535566752987506
157,Sterling Shepard,139.8,97.0,42.0,28.15730337078652,43.06525496974936,NYG,WR,256.0,24.04093718561114
158,Jalen Guyton,0.0,69.0,66.0,98.22784810126582,65.77072848355446,LAC,WR,257.0,35.730204127334844
159,Dontrell Hilliard,38.1,5.0,54.0,42.829268292682926,49.77642276422764,TEN,RB,259.0,18.626218008801104
160,Adam Trautman,0.0,23.0,36.0,49.21428571428571,44.14669738863287,NOR,TE,262.0,87.65363389181559
161,James Washington,133.5,69.0,42.0,66.17647058823529,76.4370430843005,PIT,WR,267.0,43.25276038618774
162,Demarcus Robinson,100.9,63.0,44.0,68.77272727272727,74.7456394180532,KAN,WR,271.0,68.80080985198968
163,Chris Evans,0.0,0.0,35.0,94.7058823529412,31.5686274509804,CIN,RB,276.0,-8.32195081266807
164,Eno Benjamin,0.0,0.0,22.0,35.34146341463415,11.78048780487805,ARI,RB,280.5,-0.5834297076985422
165,Foster Moreau,68.4,26.0,55.0,86.37837837837839,92.98844496670584,LVR,TE,282.0,49.06447893642138
166,Ricky Seals-Jones,58.9,0.0,39.0,44.9240506329114,45.1783872480075,WAS,TE,283.0,46.641903105252936
167,Josh Reynolds,61.9,72.0,52.0,61.23076923076923,74.63957971852709,2TM,WR,291.0,47.58848099928459
168,Mo Alie-Cox,17.3,49.0,56.0,78.84057971014494,80.671170680324,IND,TE,291.5,63.18570974974427
169,Randall Cobb,154.9,62.0,66.0,68.23880597014926,70.46281735910941,GNB,WR,294.0,28.167730038493758
170,Rashard Higgins,15.5,84.0,34.0,58.309859154929576,61.24061472455205,CLE,WR,298.0,44.597901680119975
171,O.J. Howard,83.9,27.0,20.0,66.05714285714286,53.27115489874111,TAM,TE,299.0,27.5947195247143
172,Rex Burkhead,101.1,83.0,79.0,64.0,61.63624595469256,HOU,RB,299.5,37.20148145364888
173,David Johnson,141.5,147.0,49.0,54.14678899082568,61.20214075144648,HOU,RB,300.0,32.59398557662133
174,Josiah Deguara,0.0,1.0,37.0,68.13793103448276,25.379310344827587,GNB,TE,301.0,31.184768909697436
175,Zay Jones,48.9,23.0,59.0,79.91452991452991,66.16023546170605,LVR,WR,305.0,45.85283427049224
176,Jauan Jennings,0.0,0.0,58.0,74.06451612903226,24.688172043010752,SFO,WR,306.0,24.866460602617103
177,Tyler Conklin,13.8,25.0,77.0,68.45945945945947,62.042042042042034,MIN,TE,306.0,85.360288001227
178,Antonio Brown,16.1,72.0,79.0,37.355769230769226,26.261372713475517,TAM,WR,309.0,22.61599266967424
179,Olamide Zaccheaus,20.5,33.0,59.0,83.17857142857143,95.45054945054945,ATL,WR,313.0,110.10741816476363
180,Jonnu Smith,104.7,99.0,39.0,73.42465753424658,81.3256540956843,NWE,TE,315.0,48.709771722972604
181,Nick Westbrook-Ikhine,0.0,5.0,70.0,80.84210526315789,40.94736842105263,TEN,WR,317.5,69.37253419409717
182,Byron Pringle,35.0,28.0,85.0,95.5,87.66031746031746,KAN,WR,318.0,57.748098210572834
183,Bryan Edwards,0.0,25.0,75.0,98.752688172043,62.763716570168185,LVR,WR,318.0,56.45160761001873
184,Cam Sims,4.7,54.0,34.0,81.05263157894737,71.81754385964912,WAS,WR,319.0,42.51429662515907
185,Jaelon Darden,0.0,0.0,5.0,27.0,9.0,TAM,WR,322.0,1.737502205082933
186,Josh Gordon,73.7,0.0,9.0,20.842105263157897,28.15457562825984,KAN,WR,323.0,40.05154129897966
187,N'Keal Harry,39.4,41.0,16.0,64.94117647058823,47.88409586056645,NWE,WR,324.0,9.164001335042293
188,Jake Kumerow,39.9,8.0,3.0,52.5,71.6111111111111,BUF,WR,331.0,41.267574986873285
189,Zack Moss,0.0,88.0,82.0,55.5546875,37.88489583333333,BUF,RB,334.0,40.210369156459414
190,Jake Funk,0.0,0.0,1.0,25.0,8.333333333333334,LAR,RB,335.0,3.2182196318485268
191,Emmanuel Sanders,188.3,104.0,90.0,81.17543859649123,81.69002385695961,BUF,WR,336.0,51.93980087149192
192,Devontae Booker,12.6,69.0,104.0,72.7578947368421,80.11228070175439,NYG,RB,337.0,73.25652588312099
193,Marquise Goodwin,38.1,0.0,37.0,73.03333333333333,42.70808080808081,CHI,WR,338.0,16.265232414166377
194,Cole Beasley,180.8,126.0,77.0,57.23711340206186,67.42582802609023,BUF,WR,339.0,78.61986995857154
195,Nelson Agholor,92.0,138.0,66.0,72.32673267326733,73.85967062518218,NWE,WR,341.0,33.45429225538881
196,Devonta Freeman,197.6,29.0,113.0,70.58285714285714,49.23878210536183,BAL,RB,342.0,-10.197822786564359
197,Zach Pascal,133.3,93.0,57.0,61.00934579439252,79.37946514295577,IND,WR,344.0,78.77070198151694
198,T.Y. Hilton,125.1,108.0,51.0,55.66666666666666,59.22006427642824,IND,WR,348.0,23.811209179427497
199,Jordan Howard,111.4,30.0,61.0,32.92307692307692,29.990719319666685,PHI,RB,351.0,-30.55234008759615
200,Latavius Murray,157.2,113.0,94.0,61.72727272727273,69.68316703394223,BAL,RB,355.0,22.28764256227756
201,Tommy Tremble,0.0,0.0,33.0,56.14545454545455,18.715151515151515,CAR,TE,356.0,39.933257119503715
202,Jaret Patterson,0.0,0.0,46.0,73.37974683544303,24.459915611814345,WAS,RB,357.0,6.494334352327179
203,Quez Watkins,0.0,17.0,73.0,105.4,45.833333333333336,PHI,WR,362.0,29.838973973212724
204,Dan Arnold,32.7,66.0,41.0,51.58620689655172,57.98567343122696,2TM,TE,364.0,42.709963572460374
205,Tre'Quan Smith,71.4,69.0,56.0,50.97560975609756,62.64949265771728,NOR,WR,365.0,35.72981987272277
206,Giovani Bernard,68.4,111.0,36.0,59.67567567567567,64.98114507950574,TAM,RB,367.0,9.0810324458972
207,Jared Cook,167.5,90.0,84.0,69.37404580152672,80.3167399712611,LAC,TE,369.0,78.18120779831605
208,Derrick Gore,0.0,0.0,48.0,66.55000000000001,22.183333333333337,KAN,RB,371.0,-13.305569502641404
209,Kalif Raymond,29.5,18.0,84.0,81.74789915966386,86.66199813258636,DET,WR,373.0,102.7012941048933
210,Brandon Bolden,50.9,0.0,83.0,115.89247311827955,73.82313206506755,NWE,RB,375.0,9.153735965395626
211,Tevin Coleman,135.4,9.0,41.0,44.55,42.30744873888586,NYJ,RB,377.0,2.936142200292359
212,Ty Johnson,60.2,47.0,83.0,84.6896551724138,70.4147550338306,NYJ,RB,379.0,3.1615471115633937
213,Breshad Perriman,138.1,69.0,22.0,34.13793103448276,63.86819923371648,TAM,WR,380.0,3.8950161127102874
214,Juwan Johnson,0.0,4.0,40.0,65.2,28.23333333333333,NOR,TE,386.0,27.515648800600975
215,Dyami Brown,0.0,0.0,16.0,65.27027027027027,21.75675675675676,WAS,WR,390.0,11.93881269952017
216,Darius Slayton,170.0,91.0,43.0,50.76190476190476,70.87192868014786,NYG,WR,391.0,43.27419761927896
217,Benny Snell Jr.,0.0,65.0,11.0,47.175,34.199666666666666,PIT,RB,394.0,55.770524195200984
218,Anthony McFarland Jr.,0.0,17.0,1.0,7.0,16.91269841269841,PIT,RB,395.0,-0.6616256277227279
219,Equanimeous St. Brown,0.0,18.0,11.0,56.0,43.66666666666666,GNB,WR,397.0,34.58701279089945
220,Kene Nwangwu,0.0,0.0,19.0,42.77777777777778,14.25925925925926,MIN,RB,399.0,-7.6809728070202326
221,Pharaoh Brown,4.7,28.0,15.0,45.0,55.03333333333333,HOU,TE,404.0,77.27046319681894
0,Josh Allen,282.56,395.0,403.0,261.3529411764706,247.32598039215688,BUF,QB,22.8,244.77117558177105
1,Justin Herbert,0.0,333.0,381.0,297.1764705882353,196.1032679738562,LAC,QB,37.8,271.09846113445377
2,Lamar Jackson,415.68,333.0,240.0,241.5,212.63333333333333,BAL,QB,49.3,220.37517183796592
3,Joe Burrow,0.0,174.0,314.0,290.3125,186.80416666666667,CIN,QB,56.5,263.7021656162465
4,Kyler Murray,279.28,379.0,300.0,272.2142857142857,251.96726190476195,ARI,QB,59.3,283.6787727591037
5,Jalen Hurts,0.0,108.0,312.0,210.66666666666663,93.93333333333334,PHI,QB,66.8,231.03166402714928
6,Dak Prescott,335.78,135.0,321.0,280.375,320.5416666666667,DAL,QB,76.0,218.4875084033614
7,Russell Wilson,326.6,360.0,243.0,224.14285714285717,249.5684523809524,SEA,QB,77.3,239.95057072829135
8,Tom Brady,261.68,338.0,375.0,315.2352941176471,287.453431372549,TAM,QB,82.3,268.3223486317604
9,Matthew Stafford,166.56,261.0,330.0,289.8235294117647,287.14950980392155,LAR,QB,86.8,276.30046393557427
10,Aaron Rodgers,272.38,382.0,332.0,259.5,260.9791666666667,GNB,QB,92.8,271.49997549019605
11,Trey Lance,0.0,0.0,65.0,101.33333333333331,33.77777777777778,SFO,QB,103.8,130.69673470157295
12,Derek Carr,244.36,272.0,257.0,283.94117647058823,265.58455882352945,LVR,QB,110.3,268.198862044818
13,Kirk Cousins,242.42,306.0,300.0,265.875,258.8527777777778,MIN,QB,115.5,268.82027661064427
14,Tua Tagovailoa,0.0,135.0,181.0,205.30769230769232,129.26923076923077,MIA,QB,132.5,219.0159781027795
15,Justin Fields,0.0,0.0,127.0,156.41666666666666,52.138888888888886,CHI,QB,146.3,153.3333856388709
16,Trevor Lawrence,0.0,0.0,199.0,214.8823529411765,71.62745098039215,JAX,QB,159.8,166.9790318088774
17,Matt Ryan,265.34,282.0,223.0,234.58823529411765,273.9974673202615,ATL,QB,167.5,232.64739630467582
18,Mac Jones,0.0,0.0,225.0,224.8823529411765,74.96078431372548,NWE,QB,168.0,176.8793190045249
19,Jameis Winston,297.36,2.0,117.0,169.14285714285714,169.75595238095238,NOR,QB,176.3,193.36528361344543
20,Ryan Tannehill,222.18,343.0,268.0,220.8823529411765,230.65522875816995,TEN,QB,187.3,251.64910773540186
21,Carson Wentz,271.86,198.0,258.0,211.1764705882353,228.32271241830065,IND,QB,188.0,232.29916666666685
22,Baker Mayfield,227.18,248.0,181.0,216.2142857142857,227.02976190476195,CLE,QB,198.3,216.7018886554623
23,Davis Mills,0.0,0.0,157.0,206.15384615384616,68.71794871794872,HOU,QB,205.0,161.31467140702435
24,Jared Goff,247.52,240.0,195.0,233.14285714285717,263.0642857142857,DET,QB,212.5,236.03917016806736
25,Taysom Hill,102.2,149.0,118.0,81.83333333333333,47.84027777777777,NOR,QB,222.0,169.33601618724407
26,Zach Wilson,0.0,0.0,152.0,180.23076923076923,60.07692307692307,NYJ,QB,227.3,134.4904362475759
27,Jimmy Garoppolo,243.32,64.0,228.0,255.33333333333331,229.8263888888889,SFO,QB,235.0,219.4275574229692
28,Daniel Jones,210.98,180.0,167.0,221.63636363636363,222.44289044289044,NYG,QB,240.0,210.5955051174316
29,Marcus Mariota,85.02,26.0,15.0,0.4,133.41904761904763,LVR,QB,269.0,121.0740892857143
30,Jacoby Brissett,215.68,21.0,72.0,117.0909090909091,105.32323232323232,MIA,QB,274.0,132.86242358866616
31,Geno Smith,0.0,1.0,54.0,176.75,69.91666666666667,SEA,QB,327.0,138.64705906593406
32,Tyler Huntley,0.0,3.0,83.0,154.85714285714286,54.11904761904762,BAL,QB,343.0,150.18023736802405
33,Drew Lock,68.0,181.0,51.0,131.5,187.91538461538465,DEN,QB,359.0,226.89843931803495
34,Sam Darnold,183.16,134.0,157.0,211.33333333333331,210.0534188034188,CAR,QB,378.0,231.4758795518207
35,Andy Dalton,199.66,136.0,84.0,190.375,219.6401515151515,CHI,QB,388.0,214.06953151260507
36,Jordan Love,0.0,0.0,21.0,68.83333333333333,22.944444444444443,GNB,QB,402.0,124.62748809523808
37,Patrick Mahomes,285.04,374.0,362.0,286.8235294117647,298.3808590102708,KAN,QB,0.0,264.66306682288297
38,Taylor Heinicke,0.0,12.0,222.0,214.9375,117.64583333333331,WAS,QB,0.0,171.95361891294985
39,Ben Roethlisberger,12.74,267.0,218.0,235.125,222.11944444444444,PIT,QB,0.0,261.7221516106442
40,Teddy Bridgewater,90.46,241.0,203.0,219.28571428571428,207.9767195767196,DEN,QB,0.0,272.24762699310503
41,Trevor Siemian,0.12,0.0,90.0,194.16666666666663,65.72222222222221,NOR,QB,0.0,115.01786896681752
42,Cam Newton,16.68,259.0,86.0,86.0,183.2222222222222,CAR,QB,0.0,260.7706745582849
43,Tyrod Taylor,6.02,9.0,82.0,161.83333333333334,90.02777777777779,HOU,QB,0.0,112.8993150452489
44,Josh Johnson,0.0,0.0,46.0,160.75,53.583333333333336,2TM,QB,0.0,127.25540842490842
45,Mike White,0.0,0.0,44.0,239.5,79.83333333333333,NYJ,QB,0.0,134.52756501831504
46,Colt McCoy,4.28,18.0,41.0,92.875,102.95833333333331,ARI,QB,0.0,87.84266101055806
47,Gardner Minshew II,0.0,160.0,34.0,110.75,121.17592592592592,PHI,QB,0.0,151.24435008618826
48,Mike Glennon,4.24,61.0,31.0,132.33333333333334,125.54444444444444,NYG,QB,0.0,122.65982536091354
49,Case Keenum,103.48,2.0,29.0,66.42857142857143,87.07619047619049,CLE,QB,0.0,44.98526190476191
50,Tim Boyle,-0.1,-1.0,24.0,105.8,36.93333333333333,DET,QB,0.0,104.51113181426417
51,Joe Flacco,82.88,55.0,24.0,170.5,191.0,NYJ,QB,0.0,87.27183333333332
52,Cooper Rush,0.0,0.0,24.0,85.0,28.33333333333333,DAL,QB,0.0,83.00105769230768
53,Mason Rudolph,108.8,18.0,18.0,139.0,127.33333333333331,PIT,QB,0.0,66.2338095238095
54,Nick Foles,35.74,104.0,17.0,251.0,214.21296296296296,CHI,QB,0.0,102.41034523809525
55,Brandon Allen,32.5,50.0,14.0,25.166666666666668,127.94444444444444,CIN,QB,0.0,78.35124999999998
56,P.J. Walker,0.0,0.0,14.0,72.6,24.2,CAR,QB,0.0,102.29369047619048
57,Sean Mannion,-1.46,0.0,13.0,190.0,77.33333333333333,MIN,QB,0.0,64.96690476190474
58,Brian Hoyer,21.08,2.0,12.0,45.6,89.86666666666667,NWE,QB,0.0,79.83520588235292
59,Jake Fromm,0.0,0.0,11.0,70.33333333333333,23.444444444444443,NYG,QB,0.0,61.43291666666665
60,Nick Mullens,-0.3,116.0,10.0,148.0,130.96666666666667,CLE,QB,0.0,141.2332467948718
61,Kyle Allen,177.48,45.0,8.0,60.5,156.94871794871796,WAS,QB,0.0,47.53892711700065
62,Garrett Gilbert,-0.3,15.0,8.0,194.0,146.0,WAS,QB,0.0,100.26373976513685
63,Mitchell Trubisky,200.82,154.0,8.0,7.166666666666667,141.53333333333333,BUF,QB,0.0,158.4123451303598
64,Chad Henne,0.0,24.0,3.0,20.5,34.61111111111111,KAN,QB,0.0,104.74342008726569
65,C.J. Beathard,0.0,52.0,2.0,16.5,49.55555555555555,JAX,QB,0.0,92.99990196078436
66,Ian Book,0.0,0.0,2.0,135.0,45.0,NOR,QB,0.0,107.74012815126056
67,Blaine Gabbert,0.0,15.0,2.0,11.166666666666666,15.805555555555555,TAM,QB,0.0,118.93680602240894
68,Chris Streveler,0.0,8.0,2.0,18.0,13.066666666666668,ARI,QB,0.0,111.29022268907563
69,David Blough,55.36,2.0,1.0,0.0,82.2,DET,QB,0.0,42.22459938590821
70,Sam Ehlinger,0.0,0.0,1.0,0.0,0.0,IND,QB,0.0,84.48892016806724
71,Ryan Fitzpatrick,239.46,153.0,1.0,13.0,161.1259259259259,WAS,QB,0.0,189.51464495798322
72,Kurt Benkert,0.0,0.0,0.0,0.0,0.0,GNB,QB,0.0,81.28360924369748
73,Chase Daniel,26.0,12.0,0.0,0.0,70.75,LAC,QB,0.0,44.67648529411764
74,Kellen Mond,0.0,0.0,0.0,5.0,1.6666666666666667,MIN,QB,0.0,78.5029306722689
75,Nathan Peterman,0.0,2.0,0.0,0.0,8.333333333333334,LVR,QB,0.0,80.38269214608921
76,Brett Rypien,0.0,11.0,0.0,0.0,33.0,DEN,QB,0.0,68.4762668067227
77,Davis Webb,0.0,0.0,0.0,0.0,0.0,BUF,QB,0.0,81.56527591036415
78,Jacob Eason,0.0,0.0,-1.0,25.0,8.333333333333334,IND,QB,0.0,75.71210924369747
79,Feleipe Franks,0.0,0.0,-1.0,0.0,0.0,ATL,QB,0.0,104.90035434173672
80,Logan Woodside,0.0,1.0,-1.0,0.0,0.3888888888888889,TEN,QB,0.0,113.82989455397545
81,John Wolford,0.0,13.0,-2.0,1.6666666666666667,77.55555555555556,LAR,QB,0.0,116.93472373949578
82,Josh Rosen,17.98,0.0,-3.0,4.75,33.13888888888889,ATL,QB,0.0,53.41283333333334
